,PLAYER_NAME,TEAM_ABBREVIATION,AGE,GP,W,L,W_PCT,MIN,FGM,FGA,FG_PCT,FG3M,FG3A,FG3_PCT,FTM,FTA,FT_PCT,OREB,DREB,REB,AST,TOV,STL,BLK,BLKA,PF,PFD,PTS,PLUS_MINUS,NBA_FANTASY_PTS,GP_RANK,W_RANK,L_RANK,W_PCT_RANK,MIN_RANK,FGM_RANK,FGA_RANK,FG_PCT_RANK,FG3M_RANK,FG3A_RANK,FG3_PCT_RANK,FTM_RANK,FTA_RANK,FT_PCT_RANK,OREB_RANK,DREB_RANK,REB_RANK,AST_RANK,TOV_RANK,STL_RANK,BLK_RANK,BLKA_RANK,PF_RANK,PFD_RANK,PTS_RANK,PLUS_MINUS_RANK,NBA_FANTASY_PTS_RANK,DD2_RANK,TD3_RANK
1,Aaron Brooks,CHI,31,12,6,6,0.5,3,0.7,1.3,0.533,0.2,0.8,0.222,0.3,0.5,0.667,0.1,0.3,0.4,0.3,0.3,0.1,0,0,0.6,0.3,1.8,0.2,2.7,256,234,250,189,178,68,91,86,76,34,161,138,127,211,196,194,201,101,53,131,283,293,46,180,79,187,128,190,13
2,Aaron Gordon,ORL,20,27,9,18,0.333,2.9,0.2,0.6,0.4,0,0.1,0.333,0.4,0.6,0.667,0.3,1,1.3,0.1,0.1,0.1,0,0.1,0.4,0.4,0.9,-1.2,3.1,130,183,58,331,188,240,233,185,183,234,88,129,118,211,60,12,17,209,218,54,174,119,146,116,203,348,101,70,13
3,Adreian Payne,MIN,25,2,1,1,0.5,0.1,0,0,0,0,0,0,0,0,0,0,0,0,0,0,0,0,0,0,0,0,-1,0,373,362,359,189,423,388,395,342,274,311,208,328,324,299,346,403,375,357,348,312,283,293,419,384,386,329,400,190,13
4,Al Horford,ATL,30,40,21,19,0.525,3.9,0.8,1.5,0.541,0.1,0.4,0.294,0.2,0.3,0.7,0.3,0.7,0.9,0.2,0.2,0,0.1,0,0.6,0.2,2,0.3,3.6,26,31,42,177,59,37,61,82,106,109,120,224,220,203,67,61,51,151,130,235,70,202,55,251,69,171,67,33,13
5,Al Jefferson,CHA,31,9,4,5,0.444,3,0.4,1.2,0.364,0,0,0,0,0,0,0.3,0.6,0.9,0.1,0,0,0.2,0.1,0.4,0,0.9,0.7,2.8,289,271,263,259,182,132,93,223,227,311,208,361,324,299,45,89,58,206,319,312,31,80,122,336,196,127,120,80,13
6,Al-Farouq Aminu,POR,25,32,17,15,0.531,3.1,0.3,0.9,0.3,0,0.5,0.063,0.1,0.1,1,0.3,0.7,0.9,0.1,0.1,0.1,0.1,0,0.3,0.1,0.7,-0.1,2.4,92,87,112,170,164,197,148,286,196,90,206,259,289,1,77,52,49,197,159,171,91,288,214,273,232,224,156,80,13
7,Alan Anderson,WAS,33,1,0,1,0,5.2,0,1,0,0,0,0,0,0,0,0,1,1,1,0,0,0,0,1,0,0,2,2.7,403,407,359,407,7,388,138,342,274,311,208,345,324,299,280,13,34,4,289,241,232,222,11,384,386,35,129,190,13
8,Alec Burks,UTA,24,14,4,10,0.286,3.7,1.1,2.1,0.5,0.3,0.6,0.5,0.1,0.1,1,0,0.4,0.4,0.3,0.2,0.1,0,0.2,0.4,0.1,2.6,-1.5,3.4,242,271,185,371,88,11,25,99,24,69,30,250,282,1,346,174,234,80,70,157,205,25,130,253,32,367,80,190,13
9,Alex Len,PHX,23,20,7,13,0.35,2.3,0.3,0.6,0.545,0,0,0,0,0,0,0.2,0.3,0.5,0,0.1,0,0.2,0,0.5,0,0.6,-2.1,1.5,195,214,137,327,263,188,236,77,267,311,208,361,324,299,136,219,190,352,184,312,56,293,119,328,263,396,264,38,13
10,Alex Stepheson,MEM,28,1,0,1,0,0.1,0,0,0,0,0,0,0,0,0,0,0,0,0,0,0,0,0,0,0,0,0,0,403,407,359,407,424,388,395,342,274,311,208,361,324,299,274,403,375,357,348,312,283,293,388,384,363,215,400,190,13
11,Alexis Ajinca,NOP,28,6,2,4,0.333,1.5,0.2,0.5,0.333,0,0.2,0,0,0,0,0,0.3,0.3,0,0.2,0.2,0,0,0.3,0,0.3,-2,1.1,308,324,283,331,348,265,268,255,236,213,208,328,321,299,346,197,254,357,110,43,283,293,199,333,321,389,310,190,13
12,Allen Crabbe,POR,24,37,20,17,0.541,2.4,0.3,0.5,0.556,0.1,0.2,0.333,0,0,1,0.1,0.2,0.3,0.2,0,0.1,0.1,0,0.3,0.1,0.6,0.4,1.7,49,44,76,160,250,206,276,72,140,179,88,298,311,1,202,270,283,167,279,89,149,219,252,316,255,154,233,190,13
13,Alonzo Gee,NOP,29,27,15,12,0.556,1.9,0.1,0.1,0.75,0,0,0,0,0.1,0.5,0,0.2,0.2,0.1,0.1,0,0,0,0.2,0,0.3,-1.4,0.6,130,109,157,144,304,305,370,34,274,266,208,296,303,261,256,296,310,210,174,312,231,292,289,323,338,363,369,190,13
14,Amar'e Stoudemire,MIA,33,2,2,0,1,0.5,0.5,0.5,1,0,0,0,0,0,0,0,0,0,0,0,0,0,0,0.5,0,1,0,1,373,324,405,1,407,108,261,1,274,311,208,361,324,299,346,359,375,357,348,312,283,293,95,384,176,218,319,190,13
15,Amir Johnson,BOS,29,30,14,16,0.467,2.3,0.2,0.4,0.583,0,0,0,0.2,0.3,0.6,0.2,0.4,0.6,0.1,0.1,0.1,0.1,0,0.4,0.2,0.7,-0.3,2,106,118,94,245,268,231,297,68,274,311,208,202,188,238,116,155,144,189,152,163,67,293,149,194,243,243,201,49,13
16,Anderson Varejao,GSW,33,1,1,0,1,3,0,0,0,0,0,0,0,0,0,0,0,0,0,0,0,0,0,0,0,0,2,0,403,362,405,1,180,382,395,342,274,311,208,361,324,299,346,385,375,357,348,312,283,293,410,384,386,36,400,190,13
17,Andre Drummond,DET,22,36,20,16,0.556,3.5,0.7,1.1,0.625,0,0,0,0.6,1.6,0.375,0.6,0.9,1.5,0,0.1,0.2,0.1,0.1,0.2,0.9,2,0.8,4.8,58,44,94,144,107,60,100,55,274,287,208,73,11,293,7,23,8,284,145,22,64,77,287,17,67,118,31,2,13
18,Andre Iguodala,GSW,32,22,20,2,0.909,4,0.5,0.8,0.556,0.2,0.3,0.571,0.3,0.5,0.6,0.1,0.5,0.6,0.5,0.2,0.1,0,0,0.4,0.3,1.4,3,3.1,179,44,326,31,47,124,168,72,65,152,26,168,141,238,187,101,139,43,91,62,163,274,165,141,127,13,97,125,13
19,Andre Miller,SAS,40,7,2,5,0.286,2,0,0.4,0,0,0,0,0.3,0.3,1,0.1,0.1,0.3,0.4,0.3,0,0,0.1,0.3,0.3,0.3,-2.6,1,299,324,263,371,292,376,291,342,274,311,208,162,208,1,138,319,286,47,40,312,212,58,240,166,330,411,324,190,13
20,Andre Roberson,OKC,24,24,11,13,0.458,2.1,0.2,0.3,0.833,0,0,1,0,0.1,0,0.3,0.3,0.6,0,0,0.1,0.1,0,0.2,0,0.5,-1.7,1.6,162,157,137,251,285,243,346,26,176,263,1,341,297,299,81,186,140,329,263,131,104,165,298,321,291,375,246,190,13
21,Andrea Bargnani,BKN,30,7,3,4,0.429,1,0.1,0.4,0.333,0,0,0,0.7,0.7,1,0.1,0.1,0.3,0,0,0,0,0,0.1,0.6,1,0.6,1.3,299,291,283,272,380,288,288,255,274,306,208,48,79,1,142,322,287,308,311,312,215,293,351,58,178,134,281,190,13
22,Andrew Bogut,GSW,31,16,14,2,0.875,2.5,0.2,0.3,0.6,0,0,0,0.3,0.5,0.625,0.2,0.7,0.9,0.2,0.1,0.1,0.1,0,0.5,0.4,0.7,0.4,2.5,222,118,326,34,233,257,335,60,231,311,208,153,132,233,108,53,61,140,236,174,73,290,89,113,238,150,144,103,13
23,Andrew Nicholson,ORL,26,7,4,3,0.571,3.7,0.3,1.4,0.2,0.1,0.7,0.2,0.3,0.3,1,0.4,1,1.4,0.1,0.3,0,0,0.3,0.4,0.3,1,1.1,2.6,299,271,307,129,83,194,77,319,91,42,165,160,207,1,29,15,10,182,41,244,283,13,128,163,175,89,136,190,13
24,Andrew Wiggins,MIN,21,49,20,29,0.408,4.1,0.8,2,0.394,0,0.2,0,1.1,1.5,0.767,0.3,0.4,0.7,0.3,0.4,0.1,0,0.2,0.6,0.9,2.7,-0.9,4,3,44,1,289,40,47,26,194,238,217,208,16,15,167,52,149,101,85,20,137,169,23,54,23,28,312,52,125,13
25,Anthony Brown,LAL,23,4,1,3,0.25,3.6,0,0.3,0,0,0.3,0,0,0,0,0,0.3,0.3,0,0,0,0,0,0.8,0,0,0.5,0.3,337,362,307,380,99,345,347,342,274,177,208,347,324,299,298,250,297,302,348,312,283,293,23,373,367,137,387,190,13
26,Anthony Davis,NOP,23,31,15,16,0.484,3.9,1,1.7,0.596,0.2,0.4,0.417,0.8,1.1,0.788,0.3,1,1.3,0.1,0.1,0.1,0.2,0.1,0.4,0.8,3,-0.1,5.4,97,109,94,235,58,14,54,66,82,128,64,34,36,158,53,16,18,256,155,170,30,93,171,28,20,223,16,8,13
27,Anthony Morrow,OKC,30,18,7,11,0.389,1.2,0.1,0.2,0.333,0.1,0.1,1,0.2,0.2,1,0,0.1,0.1,0.1,0,0,0,0,0.1,0.1,0.3,0.3,0.5,210,214,173,305,371,333,366,255,167,260,1,233,273,1,346,353,367,265,341,241,283,293,363,315,318,165,377,190,13
28,Anthony Tolliver,DET,31,21,13,8,0.619,2.9,0.1,0.4,0.25,0.1,0.4,0.25,0,0,0,0.1,0.2,0.3,0,0,0.1,0,0,0.1,0,0.3,0.1,1,185,128,215,98,189,309,304,297,124,131,140,327,324,299,182,257,259,269,254,106,238,293,356,359,332,191,323,190,13
29,Archie Goodwin,PHX,21,10,3,7,0.3,1.3,0.4,0.9,0.444,0.1,0.4,0.25,0.2,0.2,1,0,0,0,0.2,0.2,0,0.1,0,0.2,0,1.1,-2.6,1.5,277,291,233,364,361,151,155,146,118,122,140,199,251,1,346,403,375,130,83,251,87,293,312,384,157,412,260,125,13
30,Aron Baynes,DET,29,23,15,8,0.652,1.7,0.1,0.2,0.5,0,0,0,0.3,0.3,1,0.1,0.4,0.5,0,0,0,0,0,0.2,0.3,0.4,1.5,1,172,109,215,81,321,315,362,99,274,311,208,173,216,1,193,158,182,317,348,265,283,293,333,151,296,62,317,125,13
31,Arron Afflalo,NYK,30,31,11,20,0.355,4,0.7,1.9,0.362,0.2,0.7,0.273,0.4,0.4,1,0.1,0.4,0.5,0.2,0.2,0.1,0,0.1,0.5,0.3,2,-1,3.2,97,157,35,324,48,65,38,229,57,43,132,114,149,1,156,159,155,112,118,104,181,132,72,177,68,337,95,190,13
32,Austin Rivers,LAC,23,25,17,8,0.68,1.6,0.2,0.4,0.4,0,0.2,0.2,0,0.1,0.5,0,0.2,0.2,0,0,0.1,0,0,0.3,0.1,0.4,-2.3,0.9,149,87,215,61,334,275,295,185,181,201,165,293,299,261,346,285,319,275,345,145,283,173,211,303,305,402,330,190,13
33,Avery Bradley,BOS,25,41,22,19,0.537,3.3,0.6,1.3,0.491,0.2,0.7,0.31,0.1,0.2,0.714,0,0.2,0.2,0.2,0.1,0.1,0.1,0,0.4,0.1,1.6,0.5,2.6,21,24,42,167,139,74,87,125,47,45,113,262,272,199,238,287,303,157,186,74,117,153,124,309,101,147,135,190,13
34,Ben McLemore,SAC,23,17,8,9,0.471,1.5,0.2,0.5,0.375,0.1,0.2,0.333,0.1,0.2,0.5,0,0.1,0.1,0,0.1,0,0,0,0.2,0.2,0.5,-0.6,0.6,216,195,197,243,339,260,280,209,161,210,88,265,230,261,319,335,361,357,241,312,221,234,331,228,275,282,360,190,13
35,Beno Udrih,MEM,33,8,6,2,0.75,2.5,0,0.4,0,0,0.1,0,0,0,0,0,0.3,0.3,0.4,0,0,0,0,0.1,0.3,0,1.5,0.9,296,234,326,45,241,346,305,342,273,226,208,325,324,299,346,250,297,57,310,312,283,293,357,184,360,64,341,125,13
36,Bismack Biyombo,TOR,23,35,25,10,0.714,1.8,0.1,0.1,0.5,0,0,0,0.1,0.2,0.667,0.2,0.5,0.7,0,0.1,0,0.1,0,0.3,0.1,0.2,-0.3,1.1,68,11,185,55,319,332,373,99,274,288,208,268,271,211,115,113,121,344,242,277,141,196,177,280,346,249,305,60,13
37,Blake Griffin,LAC,27,20,12,8,0.6,3.7,1,1.9,0.526,0,0,0,0.6,0.7,0.923,0.3,0.8,1,0.4,0.2,0.1,0.1,0.1,0.8,0.5,2.6,-0.1,4.4,195,142,215,105,87,13,36,92,222,311,208,70,97,74,80,37,39,59,79,196,155,151,22,92,31,221,41,49,13
38,Boban Marjanovic,SAS,27,2,2,0,1,5.9,0,0,0,0,0,0,1,1,1,0.5,2,2.5,0,0.5,0,0,0,0.5,0.5,1,1,3.5,373,324,405,1,4,343,379,342,274,301,208,28,40,1,17,1,1,305,8,252,283,270,83,71,171,102,72,125,13
39,Bobby Portis,CHI,21,6,2,4,0.333,2.1,0.2,0.3,0.5,0,0,0,0,0,0,0,0.2,0.2,0,0,0,0,0,0.2,0,0.3,-3.3,0.5,308,324,283,331,284,266,326,99,245,299,208,302,324,299,346,304,335,329,344,285,210,293,338,370,320,425,373,190,13
40,Bojan Bogdanovic,BKN,27,27,10,17,0.37,2.6,0.3,0.7,0.444,0.1,0.4,0.182,0.1,0.2,0.667,0,0.4,0.4,0,0.1,0.1,0,0,0.3,0.1,0.8,-0.3,1.4,130,174,76,314,225,190,203,146,150,116,181,245,233,211,342,150,205,338,177,153,283,293,205,308,209,246,273,125,13
41,Boris Diaw,SAS,34,6,6,0,1,2.4,0.2,0.2,1,0,0,0,0.2,0.3,0.5,0.2,0.3,0.5,0.2,0.2,0,0,0,0.2,0.2,0.5,3,1.2,308,234,405,1,259,273,364,1,274,311,208,236,191,261,120,191,171,161,107,255,283,293,336,235,282,16,299,190,13
42,Bradley Beal,WAS,23,25,12,13,0.48,3.5,0.8,1.7,0.476,0.3,0.7,0.412,0.5,0.7,0.667,0,0.3,0.3,0.2,0.2,0.2,0,0,0.6,0.4,2.4,-0.4,3.5,149,142,137,239,110,46,53,128,28,50,66,99,78,211,250,232,267,127,121,30,283,167,40,94,44,264,74,190,13
43,Brandon Bass,LAL,31,20,7,13,0.35,3,0.5,0.8,0.6,0,0,0,0.2,0.3,0.8,0.3,0.1,0.4,0.2,0.1,0.3,0.2,0.1,0.7,0.3,1.1,-0.3,3,195,214,137,327,175,128,177,60,274,311,208,201,219,144,58,341,212,178,250,16,56,152,27,156,159,248,108,190,13
44,Brandon Jennings,ORL,26,9,3,6,0.333,2.3,0,0.6,0,0,0.6,0,0.6,0.8,0.714,0,0.2,0.2,0.2,0.1,0,0,0,0.1,0.4,0.6,-0.8,1,289,291,250,331,270,381,233,342,274,71,208,79,69,199,297,265,309,116,175,265,283,293,361,93,272,307,313,125,13
45,Brandon Knight,PHX,24,30,9,21,0.3,3.3,0.5,1.8,0.273,0.1,0.8,0.167,0.6,0.7,0.85,0.1,0.4,0.5,0.3,0.2,0.1,0,0.1,0.5,0.4,1.7,-2.5,2.7,106,183,25,364,132,99,41,294,100,29,186,77,84,115,153,167,169,90,63,162,236,62,108,95,90,410,133,93,13
46,Brandon Rush,GSW,30,6,3,3,0.5,1.9,0.2,0.3,0.5,0.2,0.3,0.5,0,0,0,0,0,0,0,0.2,0,0.2,0,0,0,0.5,0.8,0.8,308,291,307,189,303,270,321,99,79,148,30,348,324,299,346,374,375,313,109,312,45,293,390,384,284,110,345,190,13
47,Brian Roberts,POR,30,5,5,0,1,1.7,0.4,0.4,1,0,0,0,0,0,0,0,0,0,0,0,0,0,0,0.2,0,0.8,2.8,0.8,324,252,405,1,324,150,294,1,274,311,208,361,324,299,280,371,371,357,348,312,283,293,312,384,215,20,348,190,13
48,Briante Weber,MIA,23,1,1,0,1,8.6,0,1,0,0,0,0,2,2,1,0,0,0,2,0,1,0,0,0,1,2,17,8,403,362,405,1,1,342,138,342,274,311,208,3,3,1,346,377,375,1,281,1,200,293,419,14,59,1,3,190,13
49,Brook Lopez,BKN,28,39,14,25,0.359,3.1,0.5,1.1,0.476,0,0,0,0.6,0.9,0.706,0.4,0.5,0.8,0.2,0.3,0.1,0.3,0,0.5,0.5,1.6,0.1,3.8,30,118,7,321,160,91,109,128,268,274,208,65,58,202,37,112,65,150,43,94,19,280,74,62,95,200,62,20,13
50,Bruno Caboclo,TOR,20,1,1,0,1,1.5,0,1,0,0,1,0,0,0,0,0,0,0,0,0,0,0,0,0,0,0,4,0,403,362,405,1,342,388,134,342,274,11,208,359,324,299,346,403,375,357,348,312,283,293,419,384,386,4,400,190,13
51,Bryce Dejean-Jones,NOP,23,3,1,2,0.333,1.1,0,0,0,0,0,0,0.7,0.7,1,0,0.3,0.3,0.3,0,0.3,0,0,0.3,0.3,0.7,0.3,2.6,355,362,326,331,372,388,392,342,274,311,208,57,85,1,346,185,247,63,292,7,283,293,202,131,246,166,143,190,13
52,C.J. Watson,ORL,32,4,3,1,0.75,2.9,0.5,0.8,0.667,0.3,0.5,0.5,0,0,0,0,0.5,0.5,0,0,0,0,0,0.3,0,1.3,0.5,1.9,337,291,359,45,191,100,176,46,36,81,30,361,324,299,346,108,161,295,348,312,283,293,267,337,140,142,221,190,13
53,CJ McCollum,POR,24,40,21,19,0.525,3.4,0.8,1.9,0.434,0.2,0.5,0.35,0.7,0.8,0.871,0.1,0.2,0.3,0.3,0,0.2,0.1,0.1,0.2,0.5,2.5,-0.1,3.9,26,31,42,177,130,38,35,158,70,88,84,54,70,104,235,263,288,72,280,53,154,67,332,87,37,222,59,125,13
54,CJ Miles,IND,29,25,10,15,0.4,1.8,0.2,0.6,0.267,0.1,0.5,0.167,0.2,0.2,0.833,0.1,0.2,0.2,0.1,0,0,0,0,0.2,0.2,0.6,0.5,1.2,149,174,112,292,310,274,222,296,143,96,186,203,226,122,203,313,305,242,324,209,171,168,343,244,265,146,290,190,13
55,CJ Wilcox,LAC,25,2,1,1,0.5,1,0,0.5,0,0,0.5,0,0,0,0,0,0,0,0,0,0.5,0,0,0.5,0,0,2.5,1.5,373,362,359,189,384,388,272,342,274,85,208,361,324,299,346,403,375,319,348,4,283,293,93,384,386,28,260,190,13
56,Cameron Bairstow,DET,25,1,0,1,0,1.3,1,1,1,0,0,0,0,0,0,0,0,0,0,0,0,0,0,1,0,2,3,2,403,407,359,407,365,21,118,1,274,311,208,325,324,299,346,385,375,357,348,312,283,293,12,377,66,18,202,190,13
57,Cameron Payne,OKC,21,4,3,1,0.75,2.9,0.3,1.5,0.167,0,0.8,0,0,0,0,0.3,0,0.3,0.3,0.3,0,0,0,0.8,0,0.5,-1.5,0.9,337,291,359,45,194,216,63,324,250,37,208,361,324,299,81,385,302,100,52,277,283,222,21,346,280,368,333,190,13
58,Carl Landry,PHI,32,4,2,2,0.5,2.5,0.8,1,0.75,0,0,0,0.5,0.5,1,0.3,0.3,0.5,0,0,0,0,0,0.3,0.3,2,0.5,2.6,337,324,326,189,242,53,122,34,274,279,208,88,125,1,81,246,175,357,348,312,283,293,270,185,64,139,140,190,13
59,Carmelo Anthony,NYK,32,31,13,18,0.419,3.8,0.8,2.2,0.362,0.2,0.7,0.273,1,1.1,0.886,0.1,0.7,0.9,0.4,0.4,0.1,0,0.2,0.4,0.8,2.8,-0.4,4.4,97,128,58,282,76,44,23,228,58,44,132,25,30,93,157,40,62,49,17,103,182,32,138,25,24,254,38,33,13
60,Caron Butler,SAC,36,2,1,1,0.5,1.2,0,0,0,0,0,0,0,0,0,0,0,0,0,0,0,0,0,0,0,0,-2,0,373,362,359,189,370,386,395,342,274,311,208,328,324,299,346,403,375,341,348,255,206,213,391,364,386,387,400,190,13
61,Chandler Parsons,DAL,27,23,11,12,0.478,5,0.7,1.3,0.552,0.3,0.7,0.4,0.1,0.2,0.6,0.2,0.9,1,0.6,0.2,0.1,0.1,0,0.2,0.2,1.8,0.7,4.4,172,157,157,241,10,58,89,75,30,55,71,256,240,238,112,25,29,29,100,68,98,291,292,230,85,129,43,125,13
62,Channing Frye,CLE,33,7,3,4,0.429,1.8,0.1,0.1,1,0,0,0,0,0,0,0,0,0,0,0,0,0.1,0,0.1,0,0.3,-0.3,0.7,299,291,283,272,315,283,371,1,274,311,208,361,324,299,346,366,375,357,348,241,59,222,349,367,333,245,354,190,13
63,Charlie Villanueva,DAL,31,15,6,9,0.4,0.9,0.1,0.5,0.143,0,0.3,0,0,0,0,0.1,0.1,0.2,0,0,0,0,0,0.2,0,0.1,-1.1,0.4,233,234,197,292,389,329,281,333,274,168,208,361,324,299,220,327,321,357,348,312,283,293,303,356,358,344,382,190,13
64,Chase Budinger,PHX,28,18,6,12,0.333,0.5,0,0,0,0,0,0,0,0,0,0,0,0,0,0,0,0,0,0.1,0,0,0.3,0,210,234,157,331,408,388,395,342,274,311,208,361,324,299,298,392,375,357,348,312,283,293,359,376,360,174,400,190,13
65,Chris Andersen,MEM,37,6,3,3,0.5,1.4,0.2,0.2,1,0,0,0,0.7,0.8,0.8,0,0.8,0.8,0,0,0,0.2,0,0,0.7,1,0.8,2.5,308,291,307,189,354,267,367,1,274,283,208,58,63,144,346,28,66,357,348,312,45,293,419,46,170,111,146,190,13
66,Chris Bosh,MIA,32,27,18,9,0.667,3.5,0.6,1.7,0.326,0.1,0.6,0.25,0.4,0.6,0.75,0.1,0.5,0.6,0.1,0.1,0.1,0.1,0,0.3,0.4,1.7,1.7,3.3,130,79,197,63,109,84,52,277,87,64,140,109,109,171,165,97,128,179,217,82,81,268,232,106,89,53,88,41,13
67,Chris Copeland,MIL,32,1,0,1,0,0.2,0,0,0,0,0,0,0,0,0,0,0,0,0,0,0,0,0,0,0,0,0,0,403,407,359,407,421,388,395,342,274,311,208,317,324,299,327,402,375,357,348,312,283,293,395,384,386,209,400,190,13
68,Chris Johnson,UTA,26,18,6,12,0.333,1.1,0,0.2,0,0,0.2,0,0,0,0,0.1,0.2,0.3,0,0,0,0.1,0,0.4,0,0,-2.8,0.6,210,234,157,331,373,388,368,342,274,216,208,301,324,299,167,267,253,357,348,312,146,242,121,384,369,415,370,190,13
69,Chris Paul,LAC,31,35,22,13,0.629,3.9,0.9,1.9,0.462,0.2,0.5,0.444,0.8,1,0.829,0,0.3,0.3,1,0.3,0.2,0,0.1,0.6,0.7,2.8,0.6,4.9,68,24,137,97,54,32,40,136,44,80,56,37,42,138,313,180,243,7,39,40,282,140,33,44,26,132,30,13,13
70,Christian Wood,PHI,20,1,0,1,0,0.4,0,0,0,0,0,0,0,0,0,0,0,0,0,0,0,0,0,1,0,0,-1,0,403,407,359,407,414,350,395,342,274,311,208,361,324,299,346,403,375,357,348,312,283,293,12,351,386,336,400,190,13
71,Cleanthony Early,NYK,25,2,0,2,0,2.6,0,0.5,0,0,0,0,0,0,0,0,0.5,0.5,0,0.5,0,0,0,0.5,0.5,0,-2,0.1,373,407,326,407,232,370,272,342,274,311,208,311,324,299,339,105,159,293,8,312,283,293,75,73,386,386,399,190,13
72,Clint Capela,HOU,22,21,12,9,0.571,1.5,0.1,0.2,0.75,0,0,0,0.1,0.4,0.375,0,0.2,0.2,0,0,0,0.2,0,0.2,0.2,0.4,-0.2,1.2,185,142,197,129,351,286,361,34,208,311,208,246,166,293,273,288,324,310,255,312,41,293,280,192,297,237,300,93,13
73,Cody Zeller,CHA,23,35,17,18,0.486,2.7,0.3,0.3,0.75,0,0,0,0.3,0.4,0.733,0.3,0.3,0.6,0,0,0,0.1,0,0.4,0.3,0.8,0.8,1.9,68,87,58,233,221,213,315,34,256,272,208,151,146,192,74,212,143,282,277,229,99,195,160,165,207,113,220,125,13
74,Cole Aldrich,LAC,27,3,1,2,0.333,5.4,1.7,2,0.833,0,0,0,0,0,0,0.3,2,2.3,0.3,0.7,0.7,1,0,1,0.3,3.3,-1.7,11,355,362,326,331,6,2,28,26,274,311,208,361,324,299,45,2,2,62,3,2,1,293,12,135,17,373,1,103,13
75,Corey Brewer,HOU,30,32,19,13,0.594,2.3,0.3,0.6,0.4,0.1,0.3,0.364,0.2,0.4,0.583,0.1,0.2,0.3,0.1,0,0.1,0,0,0.3,0.3,0.8,0.8,1.5,92,64,137,115,269,222,217,185,107,142,82,190,168,245,183,269,273,258,274,175,283,247,216,146,205,117,266,190,13
76,Cory Jefferson,PHX,25,2,1,1,0.5,0,0,0,0,0,0,0,0,0,0,0,0,0,0,0,0,0,0,0,0,0,-1,0,373,362,359,189,432,388,395,342,274,311,208,361,324,299,346,403,375,357,348,312,283,280,376,351,386,322,400,190,13
77,Cory Joseph,TOR,24,44,25,19,0.568,2.8,0.2,0.5,0.455,0.1,0.2,0.5,0.1,0.2,0.571,0,0.1,0.2,0.2,0.1,0.1,0,0,0.3,0.2,0.6,0.5,1.4,12,11,42,135,204,238,261,141,126,208,30,277,279,249,243,337,346,124,148,111,162,160,180,245,258,149,274,190,13
78,Courtney Lee,CHA,30,29,20,9,0.69,2.7,0.2,0.6,0.313,0,0.2,0.143,0.2,0.3,0.7,0.1,0.2,0.3,0.2,0,0.2,0,0,0.2,0.2,0.6,0.4,1.8,116,44,197,59,218,262,235,279,190,182,192,181,177,203,215,256,274,154,270,39,177,183,279,231,260,152,223,190,13
79,Cristiano Felicio,CHI,23,1,1,0,1,0.9,0,0,0,0,0,0,0,0,0,0,0,0,0,0,0,0,0,1,0,0,-3,0,403,362,405,1,386,388,379,342,274,311,208,361,324,299,346,359,375,357,295,246,259,293,10,384,386,419,400,190,13
80,D'Angelo Russell,LAL,20,20,5,15,0.25,2.8,0.5,1.1,0.476,0.3,0.4,0.625,0.3,0.4,0.75,0.1,0.4,0.5,0.2,0.2,0,0,0,0.3,0.2,1.6,-0.9,2.2,195,252,112,380,207,95,113,128,32,119,20,157,161,171,175,178,193,126,78,303,264,293,270,216,107,310,176,125,13
81,D.J. Augustin,DEN,28,13,6,7,0.462,3.6,0.6,1.1,0.571,0.5,0.8,0.6,0.2,0.2,1,0,0.2,0.2,0.3,0.2,0.2,0,0.1,0.5,0.3,1.9,0.9,2.9,248,234,233,249,94,79,108,70,8,31,24,184,231,1,322,314,348,69,125,49,281,116,111,150,70,105,110,190,13
82,Dahntay Jones,CLE,35,1,0,1,0,5,0,1,0,0,0,0,0,0,0,1,0,1,1,0,0,0,1,2,0,0,1,2.7,403,407,359,407,8,344,136,342,274,311,208,299,324,299,1,403,41,4,348,312,283,3,1,384,386,97,129,190,13
83,Damian Lillard,POR,25,37,18,19,0.486,3.5,0.9,2.5,0.374,0.3,1.1,0.308,1.2,1.3,0.918,0.1,0.4,0.5,0.4,0.2,0.1,0,0.3,0.4,0.9,3.4,-0.4,4.5,49,79,42,232,100,25,11,216,17,3,114,14,21,76,201,152,180,58,117,188,278,14,126,21,16,261,37,60,13
84,Damien Inglis,MIL,21,1,0,1,0,0.4,0,0,0,0,0,0,0,0,0,0,0,0,0,0,0,0,0,0,0,0,-2,0,403,407,359,407,409,388,395,342,274,311,208,361,324,299,290,403,375,357,348,312,283,293,419,384,386,393,400,190,13
85,Damjan Rudez,MIN,30,5,1,4,0.2,0.9,0,0,0,0,0,0,0.4,0.4,1,0,0.2,0.2,0,0,0,0,0,0.2,0.2,0.4,-0.4,0.6,324,362,283,395,387,372,383,342,274,311,208,125,157,1,298,286,318,355,315,297,283,240,305,209,306,257,359,190,13
86,Danilo Gallinari,DEN,27,33,18,15,0.545,3.7,0.5,1.3,0.341,0.1,0.5,0.125,0.6,0.7,0.833,0.1,0.4,0.4,0.1,0.2,0.1,0,0,0.2,0.7,1.6,0.7,2.3,79,79,112,153,77,127,85,251,158,94,197,67,77,122,225,168,198,199,129,181,267,191,323,41,103,120,165,125,13
87,Danny Green,SAS,29,25,17,8,0.68,2.8,0.2,0.6,0.375,0.1,0.4,0.182,0.1,0.1,0.667,0,0.3,0.3,0.2,0.2,0.1,0.2,0,0.2,0.1,0.6,0.5,1.9,149,87,215,61,211,225,212,209,141,103,181,280,291,211,251,233,266,125,119,143,51,169,342,275,256,145,219,190,13
88,Dante Cunningham,NOP,29,30,13,17,0.433,2.8,0.2,0.7,0.35,0.1,0.4,0.25,0,0,0,0.1,0.2,0.3,0.1,0.1,0,0,0.1,0.6,0,0.6,-1.8,1.2,106,128,76,268,210,232,205,241,120,122,140,351,324,299,154,278,260,254,225,220,180,126,49,347,271,377,292,190,13
89,Darrell Arthur,DEN,28,26,12,14,0.462,2.7,0.3,0.8,0.35,0,0.2,0,0,0,1,0.2,0.3,0.5,0.1,0.1,0.1,0.2,0.1,0.4,0,0.6,-1,2,144,142,122,249,222,207,174,241,236,205,208,294,308,1,131,217,186,247,215,79,54,117,133,322,270,319,210,103,13
90,Darren Collison,SAC,28,33,12,21,0.364,3.5,0.5,1.2,0.421,0.2,0.6,0.4,0.5,0.6,0.842,0.1,0.3,0.4,0.3,0.3,0.2,0,0,0.5,0.4,1.7,-1.4,2.7,79,142,25,318,108,114,99,170,38,58,71,95,112,118,185,235,231,88,33,51,230,191,117,110,91,361,131,125,13
91,Darrun Hilliard,DET,23,3,1,2,0.333,0.3,0,0.3,0,0,0,0,0,0,0,0,0,0,0,0,0,0,0,0.3,0,0,-1.7,0,355,362,326,331,416,388,330,342,274,311,208,361,324,299,346,403,375,295,348,312,283,293,196,358,383,374,400,190,13
92,David Lee,DAL,33,5,2,3,0.4,1.9,0,0,0,0,0,0,0,0,0,0,0.4,0.4,0,0,0,0,0,0,0,0,-1,0.5,324,324,307,292,307,357,383,342,274,311,208,353,324,299,346,156,209,294,348,312,283,293,419,384,386,329,378,125,13
93,David West,SAS,35,7,4,3,0.571,3.3,0,0.3,0,0,0,0,0,0,0,0,0.1,0.1,0,0,0.3,0.6,0,0.7,0,0,-0.4,2.7,299,271,307,129,148,354,342,342,274,286,208,309,324,299,340,321,353,310,348,13,4,293,25,362,386,262,125,190,13
94,DeAndre Jordan,LAC,27,37,24,13,0.649,3.7,0.5,0.6,0.708,0,0,0,0.8,1.4,0.538,0.5,0.8,1.4,0,0.1,0.1,0.4,0,0.5,1,1.7,0,4.6,49,14,137,83,89,120,209,43,274,311,208,44,18,255,11,30,12,285,244,139,10,246,114,13,93,219,34,6,13
95,DeJuan Blair,WAS,27,1,0,1,0,0.1,0,0,0,0,0,0,0,0,0,0,0,0,0,0,0,0,0,0,0,0,1,0,403,407,359,407,426,388,395,342,274,311,208,311,324,299,290,403,375,357,348,312,283,293,376,351,385,99,400,190,13
96,DeMar DeRozan,TOR,26,47,30,17,0.638,3.4,0.9,2.2,0.39,0.1,0.1,0.5,1.1,1.3,0.839,0.1,0.3,0.5,0.3,0.2,0.1,0,0.2,0.3,0.9,2.9,1.2,4.1,5,2,76,89,127,30,21,199,154,222,30,19,22,120,137,205,185,61,61,70,283,26,246,24,22,87,48,103,13
97,DeMarcus Cousins,SAC,25,36,15,21,0.417,3.2,0.7,2,0.347,0,0.2,0.125,0.9,1.1,0.78,0.4,0.7,1.1,0.2,0.5,0.1,0.1,0.2,0.5,1.2,2.3,-0.7,4.1,58,109,25,284,151,59,30,247,200,191,197,32,29,161,34,43,27,115,7,131,62,40,63,6,47,293,47,5,13
98,DeMarre Carroll,TOR,29,15,7,8,0.467,2.9,0.1,0.5,0.25,0.1,0.5,0.286,0.2,0.3,0.75,0.1,0.5,0.5,0,0,0.1,0.1,0,0.5,0.3,0.6,-0.7,1.6,233,214,215,245,202,295,244,297,99,98,122,204,215,171,219,121,150,305,348,161,123,286,58,172,262,296,241,190,13
99,Delon Wright,TOR,24,2,1,1,0.5,1.4,0.5,0.5,1,0,0,0,1,1,1,0,0,0,0,0,0,0.5,0,0,0.5,2,1,3.5,373,362,359,189,356,108,252,1,274,311,208,26,39,1,305,403,375,357,281,237,5,293,381,73,62,93,72,190,13
100,Dennis Schroder,ATL,22,13,4,9,0.308,3.8,0.7,1.8,0.391,0.2,0.8,0.2,0.6,0.8,0.727,0,0.4,0.4,0.9,0.2,0.1,0,0.2,0.3,0.5,2.2,-0.5,4,248,271,197,363,66,61,46,198,84,32,165,64,62,194,288,160,218,8,64,146,283,54,221,61,52,277,53,125,13
101,Deron Williams,DAL,32,36,18,18,0.5,4.9,1.2,2.4,0.506,0.5,0.9,0.515,0.8,0.9,0.906,0.1,0.4,0.5,0.8,0.2,0.1,0.1,0.2,0.3,0.7,3.7,1.4,5.9,58,79,58,189,11,10,14,98,7,14,29,40,57,84,198,147,157,15,104,127,79,41,222,43,10,74,11,80,13
102,Derrick Favors,UTA,24,30,12,18,0.4,4.2,0.7,1.4,0.524,0,0,0,0.6,0.9,0.692,0.5,0.6,1.2,0.1,0.1,0.1,0.2,0.1,0.3,0.5,2.1,-0.9,4.5,106,142,58,292,32,54,79,94,272,298,208,70,60,206,12,66,24,191,151,64,38,127,227,73,56,314,35,18,13
103,Derrick Rose,CHI,27,33,17,16,0.515,4.5,0.9,2.5,0.369,0.1,0.2,0.25,0.4,0.5,0.933,0.1,0.4,0.5,0.5,0.4,0,0,0.2,0.2,0.3,2.4,-1.3,3.5,79,87,94,185,17,24,9,219,159,181,140,113,140,70,224,139,181,32,23,225,183,27,277,153,42,354,71,125,13
104,Derrick Williams,NYK,25,8,3,5,0.375,4.4,0.8,1.5,0.5,0.1,0.1,1,0.6,0.8,0.833,0.5,0.6,1.1,0.1,0,0,0,0.1,0,0.5,2.3,-1,3.8,296,291,263,310,18,52,62,99,107,223,1,61,76,122,16,68,26,196,315,277,283,65,409,73,50,334,63,103,13
105,Devin Booker,PHX,19,25,8,17,0.32,2.5,0.3,0.8,0.368,0.1,0.2,0.5,0.3,0.3,0.875,0.1,0.1,0.2,0.3,0.3,0,0,0.1,0.6,0.2,0.9,-1.8,1.3,149,195,76,361,239,199,175,220,142,218,30,163,195,97,204,349,344,86,28,208,255,71,37,217,194,379,283,125,13
106,Devin Harris,DAL,33,25,16,9,0.64,1.5,0.2,0.3,0.5,0,0.1,0.333,0.1,0.2,0.75,0,0.2,0.2,0.1,0,0,0.1,0,0.2,0.1,0.5,0.2,1.1,149,99,197,87,352,275,334,99,179,228,88,263,277,171,346,274,319,202,265,263,110,173,310,277,286,179,307,190,13
107,Devyn Marble,ORL,23,2,1,1,0.5,0.2,0,0,0,0,0,0,0,0,0,0,0,0,0,0,0.5,0,0,0.5,0,0,-0.5,1.5,373,362,359,189,422,388,395,342,274,311,208,361,324,299,279,403,375,357,348,4,283,293,79,384,386,273,260,190,13
108,Dewayne Dedmon,ORL,26,5,3,2,0.6,3.1,0.2,0.2,1,0,0,0,0,0,0,0.2,0.6,0.8,0.2,0.2,0.2,0,0,1,0,0.4,0.4,2.1,324,291,326,105,166,248,359,1,274,311,208,355,320,299,101,78,80,128,83,31,283,280,5,327,304,155,195,190,13
109,Dion Waiters,OKC,24,38,20,18,0.526,3.4,0.2,0.6,0.304,0,0.3,0.1,0.1,0.1,0.75,0.2,0.2,0.4,0.1,0.1,0.1,0,0,0.3,0.1,0.5,-0.4,1.2,37,44,58,174,122,258,219,283,203,171,204,281,293,171,129,259,214,243,180,191,189,199,238,305,288,267,296,190,13
110,Dirk Nowitzki,DAL,38,44,23,21,0.523,4.4,1,2.2,0.429,0.3,0.9,0.333,0.6,0.6,0.962,0.1,0.8,1,0.4,0.1,0.1,0.1,0,0.5,0.6,2.8,2.3,5.1,12,19,25,182,20,23,22,161,23,17,88,76,110,66,145,27,44,56,150,61,95,160,68,56,25,30,23,45,13
111,Donald Sloan,BKN,28,17,5,12,0.294,2.3,0,0.4,0,0,0.1,0,0.2,0.3,0.8,0,0.4,0.4,0.3,0.2,0,0,0.1,0.4,0.2,0.2,-2.2,0.9,216,252,157,370,266,366,311,342,274,231,208,182,204,144,289,177,236,77,98,300,283,73,141,193,343,401,334,125,13
112,Donatas Motiejunas,HOU,25,5,2,3,0.4,0.9,0,0,0,0,0,0,0,0.4,0,0,0.2,0.2,0,0,0,0,0,0.2,0.2,0,-1.4,0.2,324,324,307,292,385,388,395,342,274,311,208,361,164,299,346,275,316,319,348,312,283,293,302,217,386,362,392,190,13
113,Doug McDermott,CHI,24,26,13,13,0.5,2,0.2,0.4,0.4,0.1,0.2,0.333,0.1,0.1,1,0,0,0,0.1,0,0,0,0,0.1,0.1,0.5,0.8,0.6,144,128,137,189,297,279,303,185,146,183,88,284,300,1,327,355,369,248,268,309,283,176,358,307,290,108,368,190,13
114,Draymond Green,GSW,26,33,30,3,0.909,4.2,0.6,1.5,0.429,0,0.4,0.077,0.5,0.7,0.682,0.5,1.3,1.8,0.8,0.3,0.1,0.2,0.1,0.6,0.8,1.8,3.5,5.9,79,2,307,31,30,73,67,161,198,125,205,106,90,208,13,4,4,14,25,75,26,70,32,34,86,8,10,26,3
115,Dwight Howard,HOU,30,39,21,18,0.538,3.8,0.3,0.5,0.611,0,0,0,0.6,1.1,0.512,0.4,1.1,1.5,0,0.1,0.1,0.2,0.1,0.3,0.7,1.1,0.6,3.7,30,31,58,164,62,196,283,59,274,295,208,78,33,260,31,10,9,286,216,194,36,147,201,37,151,135,66,8,13
116,Dwight Powell,DAL,24,19,13,6,0.684,0.6,0,0,0,0,0,0,0.2,0.2,1,0,0.1,0.1,0,0.1,0,0,0,0.1,0.1,0.2,-0.3,0.3,203,128,250,60,404,388,393,342,274,311,208,192,244,1,346,339,363,328,248,259,283,293,365,287,347,250,389,125,13
117,Dwyane Wade,MIA,34,38,21,17,0.553,3.8,1.2,2.7,0.455,0,0.2,0,1.3,1.8,0.746,0.2,0.5,0.7,0.8,0.2,0.1,0.1,0.2,0.4,1.2,3.7,1.7,6.1,37,31,76,149,63,9,7,140,230,195,208,11,9,189,88,119,104,13,60,65,150,33,137,7,9,54,8,125,13
118,E'Twaun Moore,CHI,27,22,16,6,0.727,3.7,0.5,0.9,0.526,0.2,0.4,0.625,0,0.1,0,0.1,0.4,0.5,0,0,0.1,0,0.1,0.5,0.1,1.1,0.7,2.1,179,99,250,53,85,123,160,92,46,135,20,332,296,299,188,172,187,272,258,113,163,97,115,296,150,121,189,190,13
119,Ed Davis,POR,27,21,12,9,0.571,2.4,0.2,0.3,0.667,0,0,0,0.3,0.5,0.7,0.3,0.5,0.8,0.2,0,0.1,0.3,0,0.3,0.4,0.7,-0.1,3.2,185,142,197,129,245,256,341,46,274,311,208,147,136,203,63,117,89,138,322,105,14,253,194,97,233,225,92,80,13
120,Elfrid Payton,ORL,22,31,13,18,0.419,4.3,0.7,2,0.355,0,0.2,0.143,0.5,0.6,0.737,0.3,0.5,0.8,0.7,0.5,0.3,0.1,0.3,0.4,0.5,1.9,-0.8,4.5,97,128,58,282,23,56,32,237,194,186,192,107,102,191,72,91,75,17,13,15,128,10,173,90,72,306,36,49,13
121,Elijah Millsap,UTA,28,3,2,1,0.667,1.4,0,0.3,0,0,0.3,0,0,0,0,0.3,0.3,0.7,0,0.3,0,0,0,1,0,0,-1,0.5,355,324,359,63,357,388,330,342,274,143,208,322,312,299,45,187,116,300,26,308,211,231,9,384,386,326,379,190,13
122,Elliot Williams,CHA,27,1,1,0,1,0,0,0,0,0,0,0,0,0,0,0,0,0,0,0,0,0,0,0,0,0,0,0,403,362,405,1,431,388,395,342,274,311,208,361,324,299,346,356,375,357,348,312,283,293,419,384,386,210,400,190,13
123,Elton Brand,PHI,37,3,0,3,0,1.1,0,0,0,0,0,0,0.3,0.3,1,0,0,0,0,0,0,0,0,0,0,0.3,-3.3,0.3,355,407,307,407,374,387,395,342,274,311,208,144,178,1,346,397,375,357,348,312,283,293,418,331,321,426,384,125,13
124,Emmanuel Mudiay,DEN,20,36,20,16,0.556,3.3,0.5,1.5,0.34,0.1,0.3,0.444,0.6,0.8,0.75,0.1,0.4,0.5,0.3,0.3,0.1,0.1,0.3,0.4,0.5,1.7,0.3,3.2,58,44,94,144,141,96,69,252,114,173,56,74,68,171,166,146,151,64,45,130,63,17,155,65,92,163,90,80,13
125,Enes Kanter,OKC,24,20,13,7,0.65,1.8,0.2,0.3,0.667,0,0.1,0,0.3,0.3,0.833,0.2,0.3,0.5,0,0.1,0,0.1,0,0.2,0.2,0.7,-0.4,1.4,195,128,233,82,317,250,337,46,216,240,208,178,202,122,134,220,191,319,251,303,87,218,309,212,254,260,269,38,13
126,Eric Bledsoe,PHX,26,18,6,12,0.333,3.6,0.7,1.9,0.343,0.1,0.4,0.125,1.2,1.4,0.84,0.2,0.2,0.4,0.4,0.2,0.1,0.1,0.1,0.3,0.7,2.6,-2.2,4,210,234,157,331,96,67,34,250,166,102,197,15,19,119,93,309,217,45,68,84,145,81,189,36,33,400,54,125,13
127,Eric Gordon,NOP,27,27,9,18,0.333,3.5,0.4,0.9,0.44,0.2,0.6,0.313,0.5,0.6,0.875,0,0.2,0.2,0.1,0.1,0.1,0,0.1,0.3,0.4,1.5,-1,2.2,130,183,58,331,101,142,151,153,62,63,112,84,108,97,326,298,330,207,176,83,176,79,233,115,110,320,170,190,13
128,Ersan Ilyasova,ORL,29,17,9,8,0.529,4.3,0.2,1,0.235,0,0.4,0,0.4,0.7,0.583,0.3,0.5,0.8,0.2,0.2,0.1,0.1,0.1,0.8,0.6,0.9,1.4,2.4,216,183,215,172,25,228,130,314,243,113,208,116,80,245,61,95,72,109,99,182,140,139,18,48,197,71,152,190,13
129,Evan Fournier,ORL,23,41,19,22,0.463,4.2,0.7,1.6,0.409,0.3,0.9,0.378,0.2,0.2,0.889,0,0.3,0.3,0.3,0.2,0,0,0.2,0.6,0.2,1.9,-0.2,2.7,21,64,19,248,33,70,56,182,12,15,78,208,237,90,267,208,245,78,85,199,193,31,52,221,77,235,127,190,13
130,Evan Turner,BOS,27,37,20,17,0.541,2.6,0.4,1,0.444,0,0.1,0,0.2,0.3,0.75,0.1,0.4,0.5,0.2,0.1,0.1,0.1,0.1,0.2,0.3,1.1,1.2,2.4,49,44,76,160,230,134,140,146,254,249,208,179,193,171,149,151,148,139,178,138,108,84,317,158,155,86,151,93,13
131,Festus Ezeli,GSW,26,6,6,0,1,3.1,0.3,0.7,0.5,0,0,0,0,0,0,0.7,0.3,1,0,0.2,0,0,0.2,0.5,0,0.7,1.3,1.7,308,234,405,1,162,174,202,99,217,294,208,310,323,299,5,182,40,287,110,312,283,42,91,384,251,78,234,103,13
132,Frank Kaminsky,CHA,23,12,8,4,0.667,3,0.1,0.8,0.1,0.1,0.4,0.2,0.2,0.3,0.5,0.3,0.4,0.8,0.2,0.1,0.1,0.1,0.2,0.1,0.2,0.4,3.5,2,256,195,283,63,181,317,165,339,136,110,165,234,183,261,40,144,96,164,204,123,104,42,369,235,299,9,207,190,13
133,Garrett Temple,WAS,30,22,11,11,0.5,2.2,0.1,0.5,0.25,0,0.3,0,0.3,0.4,0.875,0,0.3,0.3,0.1,0.1,0.1,0,0,0.4,0.3,0.6,0.4,1.6,179,157,173,189,273,294,238,297,274,166,208,150,172,97,346,207,269,187,149,60,161,274,142,140,266,159,251,190,13
134,Gary Harris,DEN,21,44,20,24,0.455,3.5,0.2,0.8,0.303,0,0.4,0.056,0.2,0.2,1,0,0.1,0.2,0,0.1,0.1,0,0,0.4,0.1,0.7,-1,1.2,12,44,13,255,113,237,180,284,207,115,207,197,248,1,244,336,345,271,194,112,194,159,143,261,240,339,297,190,13
135,Gary Neal,WAS,31,11,6,5,0.545,1.9,0.4,1,0.364,0.2,0.5,0.333,0.3,0.3,1,0,0.4,0.4,0,0,0,0,0,0.2,0.1,1.2,-0.6,1.6,268,234,263,153,308,161,125,223,66,75,88,167,210,1,308,170,230,312,335,297,228,229,324,295,146,286,245,190,13
136,George Hill,IND,30,46,26,20,0.565,3.9,0.2,0.7,0.333,0.1,0.3,0.4,0.1,0.2,0.6,0.1,0.3,0.3,0.1,0.1,0.1,0,0.1,0.3,0.3,0.7,-0.2,1.7,8,10,35,137,61,227,186,255,105,150,71,258,241,238,191,243,238,194,195,88,197,131,256,168,225,239,238,190,13
137,Gerald Green,MIA,30,21,14,7,0.667,2.6,0.2,0.5,0.364,0.1,0.3,0.333,0.5,0.7,0.786,0,0.2,0.2,0.1,0,0.1,0.1,0,0.1,0.3,1,1.9,2.2,185,118,233,63,229,255,249,223,123,162,88,82,91,159,341,290,325,226,315,55,59,154,355,167,179,43,171,190,13
138,Gerald Henderson,POR,28,11,7,4,0.636,2.6,0.3,0.6,0.429,0,0,0,0.1,0.2,0.5,0.1,0.3,0.4,0,0.1,0.1,0.1,0,0.4,0.1,0.6,1.5,1.5,268,214,283,90,223,205,214,161,274,311,208,276,265,261,184,237,229,357,192,110,95,274,166,296,257,69,258,190,13
139,Giannis Antetokounmpo,MIL,21,38,19,19,0.5,3.5,0.3,0.8,0.419,0,0.1,0.333,0.7,0.9,0.765,0.1,0.8,0.9,0.3,0.2,0,0.3,0.1,0.5,0.6,1.4,-0.4,3.7,37,64,42,189,106,169,169,174,202,250,88,52,56,168,205,29,55,91,71,232,17,112,66,54,125,266,65,29,4
140,Glenn Robinson III,IND,22,6,5,1,0.833,1.1,0.3,0.5,0.667,0.2,0.2,1,0.2,0.3,0.5,0.2,0.2,0.3,0,0,0,0,0.2,0.2,0.2,1,1.8,1.4,308,252,359,38,376,181,266,46,79,211,1,235,183,261,117,307,264,357,348,312,283,42,337,238,169,45,276,190,13
141,Goran Dragic,MIA,30,35,19,16,0.543,3.8,0.3,0.6,0.455,0.1,0.2,0.429,0.4,0.5,0.833,0.1,0.3,0.3,0.5,0.1,0.1,0,0.1,0.2,0.3,1.1,1.2,2.3,68,64,94,158,70,192,216,141,132,200,60,112,124,122,229,227,244,42,168,121,283,100,282,126,160,84,161,125,13
142,Gordon Hayward,UTA,26,42,14,28,0.333,4.8,0.8,1.9,0.43,0.1,0.4,0.222,1,1.2,0.8,0.3,0.4,0.7,0.4,0.5,0.1,0,0.1,0.5,0.7,2.7,-2.2,4.1,16,118,2,331,12,43,37,160,122,107,161,30,28,144,70,153,117,46,12,78,157,72,85,38,29,397,49,93,13
143,Gorgui Dieng,MIN,26,31,11,20,0.355,2.8,0.4,0.7,0.591,0,0.1,0.333,0.6,0.6,0.9,0.3,0.6,0.9,0.2,0.1,0,0.1,0.1,0.4,0.5,1.5,-0.9,3,97,157,35,324,205,138,190,67,195,241,88,75,98,86,73,63,54,168,187,223,131,133,172,91,119,318,106,49,13
144,Greg Monroe,MIL,26,31,15,16,0.484,3.7,0.8,1.2,0.694,0,0,0,0.3,0.5,0.471,0.5,0.6,1.1,0.3,0.3,0,0.1,0.1,0.3,0.4,1.9,-0.4,3.6,97,109,94,235,82,45,98,44,274,311,208,174,120,290,24,62,28,97,50,223,130,63,258,111,75,255,68,17,13
145,Greivis Vasquez,MIL,29,6,4,2,0.667,2.2,0.2,0.7,0.25,0.2,0.7,0.25,0,0,0,0,0.2,0.2,0.7,0,0,0,0,0.2,0,0.5,2.2,1.7,308,271,326,63,278,268,206,297,74,51,140,361,324,299,318,309,337,23,293,312,283,293,338,379,283,32,234,190,13
146,Harrison Barnes,GSW,24,24,20,4,0.833,3.2,0.4,0.7,0.529,0.2,0.5,0.364,0.2,0.2,0.8,0.2,0.3,0.4,0,0.1,0,0,0,0.4,0.1,1.1,3,1.6,162,44,283,38,153,153,191,90,79,101,82,232,246,144,125,247,200,273,199,277,283,236,139,269,161,15,254,125,13
147,Hassan Whiteside,MIA,27,27,13,14,0.481,3.7,0.7,0.9,0.76,0,0,0,0.5,0.8,0.591,0.4,1.2,1.7,0,0.2,0,0.4,0.1,0.5,0.7,1.9,0.4,5,130,128,122,237,81,57,150,33,274,311,208,97,64,243,25,7,6,292,67,213,8,119,103,47,74,157,28,14,4
148,Hollis Thompson,PHI,25,30,3,27,0.1,3,0.4,0.6,0.647,0.3,0.4,0.692,0.1,0.2,0.333,0.1,0.3,0.4,0,0,0,0,0,0.4,0.1,1.1,-1.8,1.6,106,291,3,403,183,159,228,54,21,106,18,285,257,295,218,218,227,345,271,221,276,186,164,313,158,378,249,190,13
149,Ian Clark,GSW,25,4,4,0,1,2.9,0.3,0.5,0.5,0,0.3,0,0,0,0,0,0,0,0,0.3,0,0,0,0.3,0,0.5,-0.3,0.3,337,271,405,1,185,217,255,99,260,175,208,361,324,299,331,358,375,357,56,267,283,293,269,359,284,241,390,190,13
150,Ian Mahinmi,IND,29,39,22,17,0.564,3,0.2,0.4,0.529,0,0,0,0.4,0.9,0.457,0.3,0.5,0.8,0.1,0.1,0.2,0.2,0,0.6,0.5,0.9,-0.3,3,30,24,76,139,173,233,287,90,227,311,208,118,55,291,45,122,83,245,183,37,35,201,44,67,200,242,103,60,13
151,Iman Shumpert,CLE,26,14,9,5,0.643,2.6,0.1,0.6,0.25,0,0.2,0,0,0,0,0.1,0.1,0.2,0,0.1,0.2,0.1,0,0.3,0.1,0.3,-1.3,1.3,242,183,263,86,231,288,227,297,240,193,208,300,324,299,213,320,311,334,219,25,120,260,241,312,329,351,284,190,13
152,Isaiah Canaan,PHI,25,29,4,25,0.138,2.8,0.1,0.8,0.174,0.1,0.6,0.176,0.2,0.2,0.857,0,0.1,0.1,0.2,0.2,0,0.1,0.1,0.3,0.1,0.6,-3.1,1.1,116,271,7,400,213,291,172,323,117,67,185,196,223,107,260,351,364,155,101,219,121,123,219,258,268,422,306,190,13
153,Isaiah Thomas,BOS,27,46,25,21,0.543,3.3,0.8,1.8,0.452,0.2,0.4,0.35,1.3,1.5,0.884,0,0.3,0.4,0.6,0.2,0.1,0,0.2,0.4,0.9,3.1,0.7,4.4,8,11,25,157,145,36,42,145,85,105,84,9,13,95,247,202,225,28,59,169,196,29,153,19,19,122,39,60,13
154,Ish Smith,PHI,27,29,7,22,0.241,3.6,0.9,2.3,0.373,0.1,0.6,0.188,0.3,0.5,0.571,0.2,0.6,0.8,0.7,0.3,0,0,0,0.3,0.4,2.1,-1.4,3.9,116,214,19,391,92,31,17,217,116,73,178,165,135,249,114,69,84,24,46,217,283,184,218,103,54,365,58,49,13
155,J.J. Barea,DAL,32,27,13,14,0.481,2.4,0.4,1,0.393,0.1,0.5,0.231,0.2,0.2,1,0.1,0.3,0.4,0.3,0.1,0.1,0,0.1,0.1,0.3,1.1,-0.4,2.1,130,128,122,237,251,143,115,196,112,95,159,216,262,1,210,226,224,94,170,154,283,119,371,175,153,265,196,125,13
156,JJ Hickson,WAS,27,5,3,2,0.6,2.6,0.6,1,0.6,0,0,0,0.8,1,0.8,0,0.6,0.6,0.2,0.2,0,0,0,0.6,0.6,2,-0.2,2.8,324,291,326,105,228,82,120,60,229,293,208,41,44,144,322,79,134,130,77,312,283,293,39,55,61,238,116,103,13
157,JJ Redick,LAC,32,34,22,12,0.647,3.7,0.4,1.1,0.417,0.4,0.8,0.464,1,1.1,0.946,0,0.3,0.3,0.1,0.1,0,0,0,0.4,0.6,2.3,1.8,2.8,76,24,157,85,91,133,112,176,10,26,53,21,35,68,335,239,291,203,166,228,251,193,174,53,48,48,123,190,13
158,JR Smith,CLE,30,24,11,13,0.458,4.4,0.2,0.9,0.238,0.2,0.8,0.278,0.2,0.2,0.8,0.2,0.4,0.5,0,0.1,0.1,0,0.1,0.8,0.2,0.8,-1.3,1.7,162,157,137,251,19,242,157,313,52,36,131,230,245,144,121,163,147,326,201,123,168,102,17,232,221,349,231,190,13
159,JaKarr Sampson,DEN,23,17,4,13,0.235,1.3,0.1,0.3,0.4,0,0,0,0.2,0.2,0.75,0.2,0.2,0.4,0,0.1,0,0,0,0.3,0.1,0.4,-2,0.8,216,271,137,393,359,303,339,185,264,311,208,223,228,171,111,260,204,357,240,312,283,271,235,279,302,392,343,190,13
160,JaMychal Green,MEM,26,16,8,8,0.5,1.5,0.4,0.5,0.75,0.1,0.1,1,0.1,0.1,1,0.2,0.1,0.3,0,0.1,0.1,0.1,0,0.3,0.1,0.9,0.7,1.6,222,195,215,189,349,156,256,34,157,258,1,260,289,1,109,352,301,313,231,172,133,215,262,314,189,124,256,80,13
161,JaVale McGee,DAL,28,4,2,2,0.5,1.9,0,0,0,0,0,0,0,0,0,0,0.5,0.5,0,0,0,0,0,0.3,0,0,-0.8,0.6,337,324,326,189,305,382,395,342,274,311,208,361,324,299,346,108,161,357,348,312,283,293,270,377,376,301,362,125,13
162,Jabari Parker,MIL,21,30,16,14,0.533,3.4,0.3,0.7,0.476,0,0.1,0.5,0.3,0.4,0.833,0.2,0.4,0.6,0.1,0.1,0.1,0.1,0,0.3,0.3,1,0.2,2.2,106,99,122,169,120,172,194,128,192,256,30,141,160,122,124,136,137,221,153,165,123,187,254,171,165,188,179,60,13
163,Jae Crowder,BOS,25,39,20,19,0.513,3.4,0.5,1,0.513,0.3,0.6,0.435,0.4,0.4,0.875,0.2,0.5,0.7,0.3,0.2,0.2,0.1,0,0.6,0.2,1.6,0.1,3.4,30,44,42,186,119,92,121,96,31,65,59,133,155,97,131,99,113,70,73,37,153,236,34,195,96,202,81,103,13
164,Jahlil Okafor,PHI,20,16,2,14,0.125,2.5,0.4,0.9,0.4,0,0,0,0.1,0.1,1,0.3,0.2,0.4,0,0.1,0,0,0.1,0.2,0.1,0.9,-3.1,1.3,222,324,122,402,234,155,149,185,274,285,208,261,288,1,76,293,196,356,162,307,283,136,318,270,199,423,289,49,13
165,Jamal Crawford,LAC,36,39,23,16,0.59,2.9,0.3,0.9,0.351,0.2,0.4,0.412,0.7,0.8,0.839,0.1,0.1,0.2,0.2,0.1,0,0,0.1,0.2,0.4,1.5,1.9,2,30,19,94,117,186,176,145,239,68,104,66,55,65,120,234,340,347,110,214,264,283,147,330,105,112,42,212,190,13
166,Jameer Nelson,DEN,34,19,8,11,0.421,3,0.3,1.1,0.286,0,0.4,0,0.1,0.1,1,0.2,0.3,0.5,0.7,0.2,0,0,0.1,0.4,0.1,0.7,-1.3,2.2,203,195,173,279,176,183,102,290,238,134,208,271,292,1,127,209,184,18,72,253,218,86,135,317,227,355,173,190,13
167,James Anderson,SAC,27,10,3,7,0.3,1,0,0,0,0,0,0,0.2,0.2,1,0,0.1,0.1,0,0,0,0,0,0.2,0.1,0.2,-2.4,0.3,277,291,233,364,382,388,395,342,274,311,208,200,250,1,346,343,365,357,348,312,283,293,301,290,351,406,386,190,13
168,James Ennis III,NOP,25,2,1,1,0.5,3.7,0,0.5,0,0,0,0,0.5,0.5,1,0,0,0,0,0,0,0,0.5,0.5,0.5,0.5,0.5,0.5,373,362,359,189,78,348,272,342,274,311,208,88,128,1,290,396,375,357,348,312,283,5,79,70,278,140,376,190,13
169,James Harden,HOU,26,49,28,21,0.571,3.9,0.9,2.4,0.35,0.3,1,0.26,1.5,1.8,0.862,0.1,0.8,0.9,0.7,0.4,0.1,0.2,0.2,0.4,1.3,3.5,0.8,6,3,4,25,129,52,33,13,241,29,4,139,6,8,106,200,34,63,21,18,96,49,34,120,3,13,116,9,26,6
170,James Johnson,TOR,29,6,2,4,0.333,1.2,0.2,0.5,0.333,0,0.2,0,0.3,0.3,1,0,0.2,0.2,0.2,0.2,0.2,0.3,0.2,0.2,0.2,0.7,-1.3,2.5,308,324,283,331,367,271,268,255,274,214,208,147,179,1,346,307,338,164,107,43,14,42,334,237,250,358,148,190,13
171,James Jones,CLE,35,3,1,2,0.333,2.4,0,0.3,0,0,0,0,0,0,0,0,0,0,0,0,0.3,0,0,0.3,0,0,1,1,355,362,326,331,254,366,321,342,274,311,208,361,318,299,346,403,375,319,342,7,257,293,182,384,386,103,319,190,13
172,James Young,BOS,20,2,0,2,0,1.1,0,0,0,0,0,0,0,0,0,0,0,0,0,0,0,0,0,0,0,0,-1,0,373,407,326,407,377,388,395,342,274,311,208,361,324,299,346,378,375,357,348,239,283,293,395,384,386,338,400,190,13
173,Jared Cunningham,CLE,25,1,1,0,1,0.7,0,0,0,0,0,0,0,0,0,0,0,0,0,0,0,0,0,0,0,0,1,0,403,362,405,1,400,388,395,342,274,311,208,361,324,299,346,403,375,357,348,312,283,222,416,384,386,103,400,190,13
174,Jared Dudley,WAS,30,23,10,13,0.435,3.1,0.3,0.9,0.35,0.1,0.6,0.231,0.2,0.3,0.667,0.1,0.5,0.6,0.2,0.1,0.1,0,0,0.7,0.1,0.9,0.4,2.2,172,174,137,267,170,186,158,241,104,70,159,225,217,211,155,116,131,152,196,69,283,293,31,298,195,156,172,190,13
175,Jared Sullinger,BOS,24,33,19,14,0.576,2.5,0.4,0.9,0.387,0.1,0.2,0.286,0.2,0.3,0.727,0.2,0.6,0.8,0.3,0,0,0.1,0,0.5,0.2,1,0.6,2.8,79,64,122,125,235,160,146,202,160,194,122,180,182,194,97,74,73,71,275,226,92,189,73,204,166,130,118,29,13
176,Jarell Martin,MEM,22,5,2,3,0.4,0.7,0,0,0,0,0,0,0,0,0,0,0,0,0.2,0,0.2,0,0,0.2,0,0,-1.6,0.9,324,324,307,292,396,364,387,342,274,311,208,361,314,299,346,403,375,130,348,32,283,293,312,357,386,372,336,190,13
177,Jarrett Jack,BKN,32,19,8,11,0.421,3.1,0.4,1.5,0.241,0.1,0.4,0.286,0.7,0.7,1,0,0.3,0.3,0.4,0.1,0.1,0,0.2,0.5,0.3,1.5,-0.1,2.6,203,195,173,279,165,158,60,312,115,133,122,53,82,1,308,210,271,48,246,192,241,51,106,144,108,226,137,70,13
178,Jason Smith,ORL,30,16,7,9,0.438,2.8,0.1,0.5,0.25,0.1,0.1,0.5,0.1,0.1,1,0.3,0.3,0.5,0.1,0.1,0.2,0.2,0,0.6,0.1,0.4,0.8,2.1,222,214,197,265,209,299,267,297,155,224,30,288,305,1,81,250,174,257,235,34,42,283,51,272,311,114,185,125,13
179,Jason Terry,HOU,38,33,19,14,0.576,1.7,0.3,0.7,0.455,0.2,0.5,0.294,0.2,0.3,0.667,0,0.1,0.2,0,0.1,0.1,0,0,0.2,0.2,0.9,1.1,1.3,79,64,122,125,322,187,204,141,86,79,120,217,211,211,262,334,350,281,237,179,216,278,326,188,188,90,287,190,13
180,Jason Thompson,TOR,29,3,2,1,0.667,1.7,0,0.7,0,0,0,0,0,0.3,0,0.7,0.3,1,0,0,0,0,0,0,0.3,0,0.3,1.2,355,324,359,63,329,362,208,342,274,311,208,361,192,299,4,191,41,287,300,274,283,293,419,135,364,167,292,190,13
181,Jeff Ayres,LAC,29,1,1,0,1,0,0,0,0,0,0,0,0,0,0,0,0,0,0,0,0,0,0,0,0,0,0,0,403,362,405,1,433,388,395,342,274,311,208,316,324,299,346,391,375,357,348,312,283,293,419,337,386,211,400,190,13
182,Jeff Green,LAC,29,32,21,11,0.656,3.3,0.7,1.5,0.468,0.3,0.6,0.474,0.2,0.2,0.833,0.3,0.4,0.7,0.1,0.2,0.1,0.1,0.1,0.2,0.2,1.8,1.3,3.2,92,31,173,80,147,62,70,132,25,62,52,242,260,122,64,162,122,228,90,107,72,66,320,248,80,82,91,190,13
183,Jeff Teague,ATL,28,35,21,14,0.6,3.3,0.7,1.7,0.383,0.1,0.3,0.273,1,1.2,0.857,0.1,0.3,0.4,0.5,0.2,0.1,0,0.3,0.2,0.9,2.4,1.3,3.8,68,31,122,105,140,71,50,204,131,155,132,22,27,107,194,213,210,30,66,80,283,16,283,20,39,76,61,103,13
184,Jeff Withey,UTA,26,3,1,2,0.333,3.5,0.3,1,0.333,0,0,0,0,0,0,0,0.3,0.3,0,0.3,0,0.3,0,0.7,0,0.7,-3.7,1.7,355,362,326,331,105,171,131,255,214,303,208,361,324,299,346,197,254,346,26,312,14,293,29,351,251,428,231,125,13
185,Jerami Grant,PHI,22,29,4,25,0.138,2.3,0.1,0.4,0.167,0,0,1,0.3,0.5,0.533,0,0.3,0.3,0.2,0.1,0,0.2,0.1,0.5,0.3,0.4,-2.4,1.7,116,271,7,400,265,326,293,324,190,268,1,166,123,256,259,215,240,121,182,253,34,89,102,148,292,407,236,103,13
186,Jeremy Evans,DAL,28,1,0,1,0,1.3,1,1,1,0,0,0,0,1,0,0,0,0,0,0,0,0,0,1,2,2,-3,2,403,407,359,407,360,18,119,1,274,311,208,322,47,299,280,359,375,357,348,312,283,293,6,2,60,417,202,190,13
187,Jeremy Lamb,CHA,24,14,6,8,0.429,2.2,0.1,0.9,0.167,0,0.4,0,0,0,0,0.2,0.6,0.8,0.1,0,0.1,0,0.1,0.2,0.1,0.3,-0.1,1.7,242,234,215,272,279,288,163,324,219,108,208,361,324,299,95,84,85,183,313,155,283,59,297,256,328,230,237,190,13
188,Jeremy Lin,CHA,27,29,17,12,0.586,3.5,0.5,1,0.536,0.1,0.3,0.4,0.9,1.1,0.844,0.2,0.4,0.6,0.3,0.1,0,0,0.1,0.3,0.8,2.1,1.7,3.2,116,87,157,118,114,90,142,85,96,141,71,31,32,117,113,161,146,67,147,274,177,123,247,33,55,56,94,125,13
189,Jerian Grant,NYK,23,11,3,8,0.273,1.9,0.5,0.7,0.625,0,0.2,0,0.7,1,0.727,0,0.2,0.2,0.5,0.2,0,0,0,0.2,0.5,1.6,-1,2.4,268,291,215,376,302,126,184,55,274,209,208,47,45,194,336,301,331,43,92,311,283,293,327,60,98,333,158,190,13
190,Jerryd Bayless,MIL,27,20,10,10,0.5,3.4,0.4,1.1,0.381,0.3,0.4,0.625,0.3,0.4,0.625,0.1,0.2,0.3,0.3,0.1,0.1,0,0.2,0.4,0.4,1.3,0.2,2.1,195,174,185,189,123,147,114,205,34,119,20,176,161,233,173,318,296,103,251,196,270,56,176,122,133,190,192,190,13
191,Jimmy Butler,CHI,26,38,21,17,0.553,5,1.1,2.3,0.455,0.2,0.6,0.348,1.2,1.4,0.87,0.2,0.5,0.7,0.2,0.3,0.2,0.2,0.1,0.6,0.9,3.6,-0.6,5.7,37,31,76,149,9,12,16,141,49,59,86,13,17,105,128,96,110,108,38,27,33,110,35,18,12,285,13,70,6
192,Joakim Noah,CHI,31,13,8,5,0.615,1.7,0.1,0.1,1,0,0,0,0,0,0,0.1,0.5,0.5,0.2,0.1,0.1,0.1,0,0.5,0,0.2,0.8,1.4,248,195,263,99,323,323,377,1,210,308,208,318,324,299,209,123,149,175,213,151,114,293,112,380,355,109,272,190,13
193,Jodie Meeks,DET,28,1,1,0,1,3.5,1,2,0.5,0,1,0,2,2,1,0,0,0,1,0,0,0,0,0,1,4,5,5.5,403,362,405,1,102,19,31,99,210,12,208,1,2,1,343,385,375,4,348,312,283,293,410,14,6,3,14,190,13
194,Joe Ingles,UTA,28,33,11,22,0.333,1.6,0.2,0.3,0.5,0.1,0.2,0.375,0,0,0,0,0.2,0.2,0.1,0.1,0.1,0,0,0.2,0,0.4,0.7,0.9,79,157,19,331,333,280,336,99,127,180,80,343,324,299,346,317,349,261,238,115,267,206,278,369,308,119,338,190,13
195,Joe Johnson,MIA,35,42,16,26,0.381,3.7,0.6,1.8,0.365,0.2,0.7,0.345,0.4,0.4,0.889,0,0.3,0.3,0.4,0.2,0,0,0,0.3,0.2,1.9,0.2,2.8,16,99,5,307,79,72,47,222,41,48,87,126,147,90,268,228,276,52,87,200,232,204,184,190,71,180,113,125,13
196,Joe Young,IND,24,2,1,1,0.5,0.2,0,0,0,0,0,0,0,0,0,0,0,0,0,0,0,0,0,0,0,0,0.5,0,373,362,359,189,419,388,395,342,274,311,208,361,324,299,346,392,375,357,348,312,283,293,419,326,380,143,400,190,13
197,Joel Anthony,DET,33,2,2,0,1,4,0.5,0.5,1,0,0,0,0,0,0,0,1,1,0,0,0,1,0,0,0.5,1,0,5.2,373,324,405,1,50,94,254,1,274,311,208,361,324,299,346,17,34,357,348,312,1,293,419,73,176,213,20,190,13
198,Joffrey Lauvergne,DEN,24,10,3,7,0.3,2.2,0.1,0.4,0.25,0,0,0,0.1,0.2,0.5,0.3,0.5,0.8,0.1,0.2,0,0,0.1,0.2,0.2,0.3,-1,1.2,277,291,233,364,283,308,300,297,234,302,208,272,255,261,57,107,81,220,80,292,283,92,306,209,327,321,291,103,13
199,John Henson,MIL,25,12,7,5,0.583,1.7,0.1,0.3,0.333,0,0,0,0.4,0.5,0.833,0,0.3,0.3,0.2,0,0.1,0.2,0,0.5,0.3,0.6,-0.6,2,256,214,263,120,326,319,351,255,232,305,208,115,126,122,287,190,246,159,319,131,44,293,87,178,269,280,207,125,13
200,John Jenkins,PHX,25,2,0,2,0,0.8,0,1,0,0,0.5,0,0,0,0,0.5,0,0.5,0,0,0,0,0,0.5,0,0,-0.5,0.6,373,407,326,407,393,360,134,342,274,81,208,337,324,299,17,403,177,357,337,312,283,293,75,384,386,270,362,190,13
201,John Wall,WAS,25,33,16,17,0.485,3.9,0.8,2.5,0.346,0.2,0.8,0.296,1.5,1.8,0.847,0.1,0.5,0.6,0.9,0.4,0.3,0.1,0.2,0.3,1,3.5,0.1,6.4,79,99,76,234,55,34,12,248,39,27,119,7,7,116,186,98,132,9,24,11,93,55,188,11,15,198,5,8,6
202,Johnny O'Bryant III,MIL,23,5,1,4,0.2,1.8,0.2,0.2,1,0,0,0,0.4,0.4,1,0.2,0.4,0.6,0.2,0,0,0,0,0.6,0.2,0.8,-0.4,1.8,324,362,283,395,313,248,360,1,274,311,208,122,158,1,101,154,136,128,300,312,283,293,41,208,218,258,225,190,13
203,Jon Leuer,PHX,27,13,3,10,0.231,3,0.3,1,0.308,0,0.4,0,0.2,0.3,0.5,0.1,0.2,0.3,0.2,0.2,0.1,0.2,0.1,0.2,0.2,0.8,-1.5,1.9,248,291,185,394,174,185,129,280,271,130,208,243,199,261,207,261,278,174,126,148,53,115,346,197,224,366,215,70,13
204,Jonas Jerebko,BOS,29,20,12,8,0.6,1.1,0.1,0.4,0.143,0,0.2,0,0.1,0.1,1,0.1,0.1,0.2,0.1,0,0,0,0,0.2,0.1,0.2,-0.3,0.5,195,142,215,105,375,334,312,333,263,202,208,272,294,1,236,342,351,219,300,312,283,293,348,318,350,247,375,190,13
205,Jonas Valanciunas,TOR,24,31,19,12,0.613,2.7,0.4,0.5,0.813,0,0,0,0.7,0.9,0.821,0.4,0.8,1.2,0,0,0,0.2,0,0.3,0.5,1.6,1.7,3.5,97,64,157,101,215,139,250,30,274,311,208,45,53,142,38,31,25,280,273,297,50,188,237,84,102,52,75,26,13
206,Jonathon Simmons,SAS,26,5,4,1,0.8,2.1,0.6,1.2,0.5,0,0,0,0,0.2,0,0.2,0,0.2,0,0,0,0,0.4,0,0.2,1.2,0.2,1.4,324,271,359,42,286,81,94,99,274,311,208,355,258,299,101,374,322,353,348,312,283,7,391,215,143,181,269,190,13
207,Jordan Clarkson,LAL,24,29,11,18,0.379,2.9,0.5,1,0.467,0,0.1,0.5,0.5,0.6,0.833,0.1,0.2,0.3,0.1,0.2,0.1,0,0,0.3,0.3,1.5,-0.3,2.1,116,157,58,308,200,115,117,133,189,255,30,85,101,122,143,302,275,214,58,92,242,184,249,125,111,251,188,125,13
208,Jordan Farmar,MEM,29,4,1,3,0.25,3.4,0.3,1.5,0.167,0.3,1,0.25,1,1,1,0,0.8,0.8,0,0.3,0,0,0.3,0.5,0.5,1.8,-3,2.4,337,362,307,380,126,214,65,324,37,10,140,23,41,1,274,39,93,357,56,312,283,18,86,72,87,420,152,190,13
209,Jordan Hamilton,NOP,25,3,1,2,0.333,3.4,0.3,1.3,0.25,0.3,1,0.333,0.7,0.7,1,0.3,0.3,0.7,0.3,0,0.3,0,0,1,0.3,1.7,-5.3,4,355,362,326,331,121,178,84,297,13,9,88,56,88,1,41,188,118,65,291,6,283,222,4,135,94,434,54,190,13
210,Jordan Hill,IND,28,28,12,16,0.429,2.4,0.4,0.9,0.417,0,0,0,0.1,0.1,0.75,0.4,0.4,0.8,0,0.1,0,0.1,0,0.3,0.1,0.8,-0.1,1.8,127,142,94,272,246,165,162,176,274,267,208,269,283,171,33,173,97,335,143,248,118,216,270,310,208,228,228,80,13
211,Jordan McRae,CLE,25,2,0,2,0,4.1,1.5,3,0.5,0.5,0.5,1,0.5,1.5,0.333,0,0,0,0.5,0,0,0,1,0.5,0.5,4,-1,4.8,373,407,326,407,46,4,5,99,5,85,1,88,14,295,331,403,375,33,348,312,283,1,95,68,8,332,32,190,13
212,Jorge Gutierrez,CHA,27,1,0,1,0,0.1,0,0,0,0,0,0,0,0,0,0,0,0,0,0,0,0,0,0,0,0,-1,0,403,407,359,407,425,388,395,342,274,311,208,361,324,299,346,400,375,357,348,312,283,293,419,384,386,327,400,190,13
213,Jose Calderon,NYK,34,27,11,16,0.407,3.6,0.1,0.5,0.308,0.1,0.3,0.222,0,0,0,0,0.5,0.5,0.4,0.1,0.1,0,0,0.2,0.2,0.4,-1.1,1.9,130,157,94,290,93,281,277,280,151,145,161,308,324,299,256,115,153,51,133,84,175,242,288,201,313,345,216,190,13
214,Josh Huestis,OKC,24,1,0,1,0,0,0,0,0,0,0,0,0,0,0,0,0,0,0,0,0,0,0,0,0,0,0,0,403,407,359,407,429,388,395,342,274,311,208,361,324,299,346,403,375,357,348,312,203,250,404,384,386,204,400,190,13
215,Josh McRoberts,MIA,29,2,1,1,0.5,1.7,0.5,1.5,0.333,0,0.5,0,0,0,0,0.5,0,0.5,0.5,0,0,0,0,0.5,0,1,2,2.4,373,362,359,189,328,108,63,255,274,91,208,361,324,299,17,403,161,33,348,312,283,293,95,337,180,37,159,125,13
216,Josh Richardson,MIA,22,13,5,8,0.385,1.8,0.1,0.2,0.5,0.1,0.1,1,0,0.1,0,0.2,0.1,0.2,0.2,0.1,0,0.1,0,0.5,0.1,0.2,-0.2,1,248,252,215,306,311,324,369,99,147,252,1,311,302,299,131,350,307,111,211,287,114,258,113,306,345,231,318,190,13
217,Josh Smith,HOU,30,6,2,4,0.333,1.4,0,0.3,0,0,0,0,0.2,0.3,0.5,0.2,0.2,0.3,0,0.2,0,0,0,0.3,0.2,0.2,-2.2,0.4,308,324,283,331,353,372,330,342,274,292,208,229,189,261,121,306,254,353,110,277,283,285,203,238,354,398,380,190,13
218,Jrue Holiday,NOP,26,38,17,21,0.447,3.8,0.8,1.8,0.456,0.2,0.6,0.333,0.8,0.9,0.909,0,0.4,0.4,0.7,0.6,0.2,0,0.1,0.4,0.6,2.6,-0.4,4.1,37,87,25,258,68,40,45,139,64,72,88,43,59,81,324,157,213,19,4,35,247,111,136,52,30,256,50,70,13
219,Julius Randle,LAL,21,29,11,18,0.379,3.2,0.4,0.8,0.542,0,0.1,0.25,0.3,0.7,0.526,0.4,1,1.3,0.1,0.1,0.1,0,0.1,0.6,0.4,1.3,-0.6,3.2,116,157,58,308,149,129,166,81,187,221,140,136,96,258,35,22,14,186,181,159,283,88,53,100,136,281,92,14,13
220,Justin Anderson,DAL,22,10,4,6,0.4,1.3,0.2,0.2,1,0,0,0,0.1,0.2,0.5,0.1,0.2,0.3,0,0,0.1,0.2,0,0.3,0.1,0.5,-0.9,1.8,277,271,250,292,364,245,356,1,274,311,208,272,251,261,174,280,280,341,348,99,39,221,223,291,277,315,230,125,13
221,Justin Holiday,CHI,27,11,7,4,0.636,2,0.1,0.1,1,0,0,0,0.1,0.2,0.5,0,0.4,0.4,0.1,0.2,0,0.1,0,0,0.1,0.3,-1.4,0.9,268,214,283,90,290,313,376,1,274,311,208,277,267,261,270,171,228,231,96,312,97,293,394,294,334,360,331,190,13
222,Justise Winslow,MIA,20,33,20,13,0.606,3.4,0.3,0.6,0.429,0,0.1,0,0.3,0.4,0.833,0.2,0.6,0.8,0.1,0.1,0.2,0.1,0.1,0.4,0.4,0.8,0.9,2.6,79,44,137,103,125,204,213,161,250,245,208,155,173,122,110,83,91,200,164,36,94,97,152,118,204,107,138,190,13
223,Jusuf Nurkic,DEN,21,5,3,2,0.6,2.5,0.4,1.4,0.286,0,0,0,0,0,0,0.2,0.6,0.8,0,0.2,0,0,0.4,0.4,0,0.8,-0.8,1.6,324,291,326,105,236,146,80,290,274,291,208,345,324,299,101,76,77,290,82,312,247,8,147,329,219,309,255,80,13
224,KJ McDaniels,HOU,23,3,1,2,0.333,1.7,0,0,0,0,0,0,0,0,0,0,0.3,0.3,0,0,0,0,0,0.3,0,0,2.3,0.4,355,362,326,331,331,385,395,342,274,311,208,361,316,299,346,197,254,357,305,312,283,293,204,381,376,29,380,190,13
225,Karl-Anthony Towns,MIN,20,46,19,27,0.413,4.1,0.8,1.4,0.53,0.1,0.3,0.267,0.5,0.6,0.808,0.5,0.8,1.3,0.2,0.2,0.1,0.3,0.1,0.6,0.4,2.1,-0.3,5.1,8,64,3,287,45,49,75,89,129,151,137,105,116,143,14,26,13,176,128,118,11,83,50,104,57,244,24,1,13
226,Kawhi Leonard,SAS,25,24,16,8,0.667,3.7,0.8,1.8,0.419,0.1,0.4,0.3,0.7,0.8,0.895,0.3,0.7,1,0.2,0.1,0.1,0.1,0.1,0.3,0.6,2.3,1.5,4.4,162,99,215,63,86,51,44,175,107,111,116,49,67,88,44,46,30,119,205,129,71,104,189,57,46,68,40,49,13
227,Kelly Olynyk,BOS,25,19,8,11,0.421,1.7,0.3,0.7,0.357,0.1,0.3,0.2,0.2,0.2,1,0,0.4,0.4,0.2,0,0,0,0.1,0.2,0.2,0.8,0.2,1.5,203,195,173,279,330,210,182,235,169,172,165,193,243,1,346,142,199,172,346,312,283,86,344,246,222,189,257,190,13
228,Kelly Oubre Jr.,WAS,20,3,1,2,0.333,0.2,0,0,0,0,0,0,0,0,0,0,0,0,0,0,0,0,0,0.3,0,0,-2.3,0,355,362,326,331,420,388,395,342,274,311,208,361,324,299,346,363,373,357,348,312,283,293,183,361,386,403,400,190,13
229,Kemba Walker,CHA,26,41,22,19,0.537,3.7,1,2.5,0.392,0.2,0.7,0.267,1.3,1.5,0.885,0.2,0.6,0.8,0.2,0.3,0.1,0.1,0.2,0.5,1,3.5,1.3,5,21,24,42,167,90,22,10,197,54,39,137,10,16,94,86,81,69,135,29,102,89,30,99,16,14,81,27,103,13
230,Kendall Marshall,PHI,24,2,0,2,0,1.9,0,0.5,0,0,0.5,0,0,0,0,0,0,0,0.5,0.5,0,0,0,0.5,0,0,1,0.3,373,407,326,407,301,353,271,342,274,85,208,336,324,299,346,403,375,33,8,312,206,293,91,384,375,96,390,190,13
231,Kendrick Perkins,NOP,31,4,2,2,0.5,2.4,0,0,0,0,0,0,0,0,0,0,0.3,0.3,0,0.3,0,0.3,0,0.3,0,0,-2,0.8,337,324,326,189,248,363,382,342,274,311,208,361,324,299,346,250,294,346,51,312,23,293,262,384,386,388,348,190,13
232,Kenneth Faried,DEN,26,30,11,19,0.367,3.9,0.7,1.2,0.571,0,0,0,0.5,1,0.483,0.6,1.2,1.8,0.1,0.2,0.1,0.1,0.3,0.5,0.8,1.8,-0.8,4.4,106,157,42,317,56,66,96,70,212,269,208,103,49,289,6,8,5,254,81,165,84,15,60,32,82,304,42,20,13
233,Kent Bazemore,ATL,26,36,19,17,0.528,3.2,0.4,1,0.457,0.1,0.3,0.455,0.6,0.7,0.917,0.2,0.4,0.6,0.2,0.1,0,0.1,0.1,0.4,0.5,1.6,0.7,3,58,64,76,173,150,130,141,138,95,157,55,66,87,78,119,144,141,160,173,230,65,76,170,64,97,126,105,125,13
234,Kentavious Caldwell-Pope,DET,23,36,23,13,0.639,4.1,0.4,1,0.361,0.2,0.6,0.318,0.3,0.4,0.667,0,0.3,0.4,0,0.1,0.1,0.1,0,0.5,0.3,1.2,1.8,2.2,58,19,137,88,38,162,132,230,55,57,111,164,150,211,264,184,232,283,198,59,144,242,64,169,145,46,180,125,13
235,Kevin Durant,OKC,27,37,20,17,0.541,3.9,1.3,3.1,0.412,0.3,1,0.324,1.1,1.3,0.857,0,0.7,0.7,0.3,0.2,0,0.1,0.2,0.3,0.8,4,-0.2,5.5,49,44,76,160,57,7,3,179,18,8,110,17,20,107,265,55,106,89,89,273,66,49,208,29,7,233,15,29,13
236,Kevin Garnett,MIN,40,11,5,6,0.455,2.7,0.1,0.4,0.25,0,0,0,0,0.4,0,0.1,0.6,0.7,0.1,0.1,0,0,0,0.2,0.2,0.2,-0.7,1.1,268,252,250,255,219,312,310,297,245,311,208,338,175,299,190,65,102,229,191,274,283,206,328,225,353,294,307,190,13
237,Kevin Love,CLE,27,29,17,12,0.586,3.8,0.4,1.1,0.375,0.2,0.6,0.412,0.5,0.6,0.875,0.2,0.6,0.8,0.2,0.1,0.1,0.1,0.1,0.3,0.4,1.6,1.7,3.4,116,87,157,118,65,141,103,209,40,66,66,96,119,97,87,80,71,153,224,93,83,61,248,101,106,55,84,18,13
238,Kevin Martin,SAS,33,14,7,7,0.5,3.3,0.4,1.4,0.25,0.1,0.6,0.25,0.5,0.6,0.875,0.1,0.6,0.7,0.1,0.1,0.1,0,0.1,0.4,0.3,1.4,0.1,2.4,242,214,233,189,144,164,76,297,91,68,140,87,114,97,139,85,103,250,141,156,283,122,129,164,128,193,154,190,13
239,Kevin Seraphin,NYK,26,5,2,3,0.4,3.1,0.4,0.6,0.667,0,0,0,0,0,0,0,0.8,0.8,0.4,0.2,0,0.4,0,0.6,0,0.8,-1.2,3.4,324,324,307,292,168,145,220,46,245,311,208,361,324,299,346,32,76,53,74,268,9,293,38,335,217,346,83,190,13
240,Kevon Looney,GSW,20,1,1,0,1,0,0,0,0,0,0,0,0,0,0,0,0,0,0,0,0,0,0,0,0,0,0,0,403,362,405,1,434,388,379,342,274,311,208,321,324,299,316,397,375,357,348,312,283,217,405,351,386,204,400,190,13
241,Khris Middleton,MIL,24,38,20,18,0.526,4.1,0.7,1.9,0.351,0.2,0.8,0.188,1,1.2,0.826,0,0.3,0.3,0.4,0.4,0.2,0,0.1,0.5,0.8,2.5,0.1,3.8,37,44,58,174,44,63,33,239,83,23,178,27,25,139,345,211,270,54,14,21,187,109,105,27,35,194,60,190,13
242,Kirk Hinrich,ATL,35,12,8,4,0.667,2.5,0.1,0.2,0.5,0.1,0.1,1,0.2,0.2,1,0,0.2,0.2,0,0.2,0.1,0,0,0.5,0.2,0.4,1.1,0.7,256,195,283,63,243,320,365,99,136,247,1,236,273,1,304,303,338,329,110,122,252,239,90,238,300,92,355,190,13
243,Klay Thompson,GSW,26,32,28,4,0.875,3.8,0.6,1.4,0.435,0.3,0.8,0.407,0.5,0.6,0.895,0,0.4,0.4,0.2,0.1,0.1,0.1,0.1,0.2,0.4,2.1,3.1,3.4,92,4,283,34,75,76,74,156,11,22,70,81,106,88,280,135,194,142,232,176,73,96,290,107,53,12,79,190,13
244,Kobe Bryant,LAL,37,24,8,16,0.333,2.4,0.8,2.3,0.352,0.4,1,0.417,0.8,0.9,0.909,0,0.1,0.1,0.2,0,0,0,0,0.3,0.7,2.8,-1.1,3.3,162,195,94,331,257,48,19,238,9,7,64,35,52,81,346,333,360,120,325,312,283,293,236,39,23,341,87,103,13
245,Kosta Koufos,SAC,27,17,6,11,0.353,1.5,0.2,0.5,0.444,0,0,0,0.1,0.2,0.667,0.4,0,0.4,0.1,0,0.1,0.1,0,0.5,0.1,0.6,-1.1,1.6,216,234,173,326,341,230,246,146,225,311,208,266,268,211,39,372,237,262,337,183,75,256,62,278,267,340,242,103,13
246,Kostas Papanikolaou,DEN,25,1,0,1,0,2.5,0,0,0,0,0,0,0,0,0,0,0,0,0,0,0,0,0,0,0,0,-4,0,403,407,359,407,240,388,395,342,274,311,208,361,324,299,346,403,375,357,348,312,283,258,400,384,386,431,400,190,13
247,Kris Humphries,ATL,31,4,3,1,0.75,2.4,1,1.3,0.8,0.8,1,0.75,0,0,0,0,0,0,0,0,0,0,0,0,0,2.8,1.5,2.8,337,291,359,45,256,16,90,31,2,6,17,358,324,299,337,392,375,357,348,312,283,293,416,384,27,63,124,190,13
248,Kristaps Porzingis,NYK,20,29,10,19,0.345,2.9,0.3,1,0.345,0,0.3,0.125,0.6,0.7,0.947,0.3,0.5,0.8,0.1,0.1,0.1,0.3,0,0.4,0.4,1.3,-1.9,3.6,116,174,42,329,195,167,124,249,188,164,197,62,95,67,66,114,90,215,223,158,12,293,140,102,129,382,69,20,13
249,Kyle Anderson,SAS,22,10,8,2,0.8,1.5,0.5,0.6,0.833,0.1,0.1,1,0.2,0.2,1,0,0.2,0.2,0.3,0,0,0,0,0.1,0.1,1.3,1.2,2,277,195,326,42,347,103,221,26,119,238,1,205,249,1,338,277,314,73,287,312,224,284,366,291,134,85,206,125,13
250,Kyle Korver,ATL,35,39,20,19,0.513,3.4,0.2,0.6,0.364,0.2,0.4,0.438,0.1,0.1,1,0.1,0.2,0.3,0.1,0.2,0.1,0.1,0,0.4,0.2,0.7,1.8,1.6,30,44,42,186,118,244,230,223,68,114,58,282,301,1,206,262,279,195,127,95,112,293,156,249,248,47,248,190,13
251,Kyle Lowry,TOR,30,47,31,16,0.66,3.5,0.7,1.8,0.376,0.2,0.6,0.3,0.8,1.1,0.731,0.1,0.4,0.5,0.3,0.2,0.2,0,0.2,0.8,0.7,2.4,1.4,3.8,5,1,94,78,117,64,43,208,59,56,116,39,31,193,195,137,156,76,62,41,199,39,19,35,43,72,64,70,13
252,Kyle O'Quinn,NYK,26,6,3,3,0.5,0.9,0.2,0.3,0.5,0,0,0,0.2,0.3,0.5,0.5,0.2,0.7,0,0.2,0,0,0,0.2,0.2,0.5,-0.5,1.1,308,291,307,189,388,271,326,99,250,277,208,236,185,261,15,305,120,357,110,312,283,293,338,238,278,273,303,190,13
253,Kyle Singler,OKC,28,9,5,4,0.556,1.8,0,0.2,0,0,0.2,0,0,0,0,0.1,0.2,0.3,0.1,0,0,0,0,0.1,0.1,0,-2.3,0.6,289,252,283,144,312,366,354,342,274,189,208,361,324,299,168,264,251,210,319,312,283,293,360,285,366,405,370,190,13
254,Kyrie Irving,CLE,24,16,9,7,0.563,4.2,0.8,2.3,0.361,0.3,0.9,0.286,1.8,1.9,0.933,0.1,0.3,0.4,0.3,0.3,0.1,0.1,0.3,0.3,1.1,3.6,-0.4,4.7,222,183,233,140,36,42,18,230,32,20,122,4,4,70,221,214,221,99,31,73,134,11,260,8,11,263,33,190,13
255,LaMarcus Aldridge,SAS,30,26,19,7,0.731,3.1,0.5,1.3,0.394,0,0,0,0.5,0.5,0.923,0.2,0.7,0.9,0.2,0.1,0.1,0.1,0.1,0.2,0.3,1.5,2.1,3.3,144,64,233,52,167,97,88,194,274,265,208,104,129,74,90,50,52,136,167,149,77,114,315,149,118,33,86,33,13
256,Lamar Patterson,ATL,24,2,2,0,1,0.4,0.5,0.5,1,0,0,0,0.5,1,0.5,0,0,0,0,0,0,0,0,0,0.5,1.5,3,1.5,373,324,405,1,415,108,261,1,268,310,208,88,38,261,346,395,375,357,348,312,283,210,399,73,113,14,260,190,13
257,Lance Stephenson,MEM,25,20,5,15,0.25,2.2,0.4,0.7,0.5,0.1,0.1,0.5,0.1,0.2,0.25,0.2,0.3,0.5,0.1,0.2,0.1,0.1,0.1,0.1,0.2,0.8,-0.7,1.6,195,252,112,380,275,166,193,99,170,239,30,289,256,297,135,220,191,268,132,195,156,91,374,217,214,287,253,125,13
258,Lance Thomas,NYK,28,25,11,14,0.44,2.9,0.2,0.6,0.375,0,0.1,0,0.4,0.4,1,0,0.2,0.2,0,0.2,0.1,0,0,0.5,0.2,0.8,-1.3,1.3,149,157,122,263,201,226,211,209,249,230,208,132,176,1,311,282,314,308,120,141,170,170,69,207,206,356,288,190,13
259,Langston Galloway,NYK,24,35,13,22,0.371,3.3,0.5,1.1,0.421,0.2,0.5,0.421,0.1,0.2,0.667,0,0.3,0.3,0.2,0.1,0.1,0,0.1,0.7,0.1,1.3,-0.5,2.1,68,128,19,313,142,122,106,170,45,76,63,267,270,211,303,181,242,156,169,185,184,100,24,257,138,275,193,125,13
260,Larry Nance Jr.,LAL,23,12,3,9,0.25,2.8,0.2,0.3,0.5,0,0,0,0,0.1,0,0.1,0.3,0.3,0.1,0,0,0.2,0,0.3,0.1,0.3,0,1.4,256,291,197,380,206,263,320,99,223,275,208,322,297,299,197,245,248,237,288,312,45,293,270,301,317,215,278,190,13
261,Lavoy Allen,IND,27,23,13,10,0.565,2.9,0.1,0.4,0.333,0,0,0,0,0,0,0,0.6,0.6,0.1,0,0.1,0.1,0.1,0.4,0,0.3,0.3,1.8,172,128,185,137,196,297,301,255,274,304,208,320,324,299,245,87,130,193,259,117,69,99,125,320,337,161,226,103,13
262,LeBron James,CLE,31,30,18,12,0.6,4.2,1.3,3.1,0.424,0.2,0.9,0.185,1.3,1.9,0.679,0.4,1.2,1.6,0.7,0.4,0.1,0.1,0.3,0.4,1.2,4,0.6,7.1,106,79,157,105,35,6,4,169,77,16,180,12,5,210,28,9,7,22,15,164,84,12,148,5,5,131,4,38,13
263,Leandro Barbosa,GSW,33,6,5,1,0.833,1.3,0,0.3,0,0,0,0,0,0,0,0,0.2,0.2,0,0,0.2,0,0.2,0,0,0,1.8,0.7,308,252,359,38,358,378,325,342,274,311,208,333,324,299,294,309,338,301,348,43,252,42,383,384,386,44,355,190,13
264,Lou Amundson,NYK,33,3,2,1,0.667,2.7,0,0,0,0,0,0,0.7,0.7,1,0,0.7,0.7,0,0,0,0,0,0.3,0.3,0.7,-1.3,1.5,355,324,359,63,214,355,395,342,274,311,208,59,86,1,346,59,115,357,343,312,283,293,189,131,246,357,267,190,13
265,Lou Williams,LAL,29,25,8,17,0.32,3.2,0.5,1.4,0.361,0.3,0.8,0.333,0.5,0.6,0.929,0,0.2,0.2,0.2,0.1,0,0.1,0,0.3,0.3,1.8,-0.7,2.8,149,195,76,361,156,89,73,230,26,24,88,83,117,72,252,279,304,107,206,209,110,170,210,139,78,290,122,190,13
266,Luc Mbah a Moute,LAC,29,30,20,10,0.667,1.2,0,0,1,0,0,1,0.1,0.2,0.667,0,0.1,0.2,0,0,0,0,0,0.2,0.1,0.2,-2.1,0.6,106,44,185,63,369,341,378,1,193,270,1,253,254,211,261,329,341,346,271,222,179,261,311,291,344,395,362,190,13
267,Lucas Nogueira,TOR,23,4,2,2,0.5,1.8,0.3,0.3,1,0,0,0,0,0,0,0,0.5,0.5,0,0,0,0,0,0.3,0,0.5,2.5,1.1,337,324,326,189,320,221,345,1,274,311,208,341,322,299,271,104,161,357,348,312,283,293,262,382,281,24,307,190,13
268,Luis Montero,POR,23,2,2,0,1,0.3,0,0,0,0,0,0,0,0,0,0,0,0,0,0,0,0,0,0,0,0,1,0,373,324,405,1,417,388,395,342,274,311,208,361,319,299,298,384,372,357,348,312,283,293,395,337,386,101,400,190,13
269,Luis Scola,TOR,36,18,8,10,0.444,1,0.2,0.5,0.444,0.1,0.2,0.25,0.2,0.2,1,0.2,0.2,0.4,0,0,0,0,0.1,0.3,0.1,0.7,1.6,1.2,210,195,185,259,379,239,259,146,164,188,140,189,234,1,125,265,216,299,284,292,283,78,244,283,231,58,298,125,13
270,Luke Babbitt,NOP,27,16,4,12,0.25,0.8,0.1,0.4,0.333,0,0.1,0,0.4,0.4,1,0,0.2,0.2,0,0.1,0,0.1,0.1,0.3,0.3,0.6,-0.4,1,222,271,157,380,395,300,306,255,274,226,208,128,167,1,290,295,327,327,233,259,132,68,216,181,259,253,325,125,13
271,Luol Deng,MIA,31,37,21,16,0.568,3,0.5,0.8,0.548,0.3,0.5,0.611,0.2,0.2,0.778,0.1,0.5,0.6,0.1,0.1,0.1,0,0,0.3,0.2,1.4,0.8,2.4,49,31,94,136,177,121,164,76,22,93,23,212,222,162,148,125,138,266,245,189,186,253,230,243,124,115,155,41,13
272,Manu Ginobili,SAS,38,16,9,7,0.563,2.1,0.5,0.9,0.533,0.1,0.3,0.2,0.3,0.6,0.5,0.1,0.3,0.3,0.3,0.1,0.1,0.1,0,0.2,0.4,1.4,1,2.4,222,183,233,140,288,104,147,86,155,156,165,152,99,261,223,244,272,102,230,172,135,265,319,114,126,98,149,190,13
273,Marc Gasol,MEM,31,27,19,8,0.704,3.9,0.8,1.7,0.478,0,0,0,0.9,1.3,0.657,0.3,0.4,0.7,0.2,0,0,0.1,0.1,0.4,0.8,2.5,2.1,3.9,130,64,215,58,60,41,51,127,219,281,208,33,23,231,71,132,105,144,269,212,116,118,162,31,38,34,57,70,13
274,Marcelo Huertas,LAL,33,6,2,4,0.333,2.3,0,0.3,0,0,0,0,0,0,0,0.3,0.5,0.8,0.8,0,0,0,0,0,0,0,0.5,2.3,308,324,283,331,260,361,318,342,274,296,208,344,324,299,45,100,68,12,297,312,283,293,381,337,386,143,168,190,13
275,Marcin Gortat,WAS,32,28,12,16,0.429,3.3,0.5,0.9,0.583,0,0,0,0.3,0.5,0.615,0.7,0.6,1.3,0.1,0.1,0,0.1,0,0.4,0.4,1.3,0.4,3.4,127,142,94,272,134,98,161,68,274,311,208,159,138,236,3,72,20,212,142,216,59,181,132,120,135,160,82,14,13
276,Marco Belinelli,SAC,30,29,12,17,0.414,2.4,0.3,1,0.333,0.1,0.6,0.25,0.1,0.2,0.571,0.1,0.1,0.2,0.2,0.1,0,0,0,0.2,0.1,1,-0.8,1.5,116,142,76,286,247,168,116,255,97,74,140,251,224,249,216,325,313,122,222,291,283,242,299,289,184,303,268,190,13
277,Marcus Morris,DET,26,38,24,14,0.632,4.1,0.3,0.9,0.333,0.1,0.3,0.25,0.3,0.4,0.588,0.1,0.6,0.6,0.1,0.1,0.1,0,0.1,0.5,0.4,0.9,1.5,2.2,37,14,122,95,39,191,159,255,144,154,140,172,143,244,233,90,133,192,210,91,189,145,65,117,192,66,182,93,13
278,Marcus Smart,BOS,22,32,17,15,0.531,1.7,0.1,0.4,0.25,0,0.2,0.143,0.2,0.4,0.583,0.1,0.2,0.3,0.1,0.1,0.1,0.1,0.1,0.4,0.3,0.4,-0.9,1.3,92,87,112,170,327,311,307,297,197,192,192,191,169,245,158,268,241,227,158,108,136,134,158,147,294,317,282,190,13
279,Marcus Thornton,WAS,29,16,8,8,0.5,2.9,0.5,1.3,0.381,0.3,0.9,0.286,0.3,0.3,0.8,0,0.2,0.2,0.2,0,0.1,0,0,0.1,0.2,1.5,-0.7,2.2,222,195,215,189,198,106,86,205,35,19,122,175,198,144,334,294,328,141,335,176,238,293,373,223,114,291,174,190,13
280,Mario Chalmers,MIA,30,18,13,5,0.722,2.3,0.3,0.7,0.385,0.1,0.3,0.167,0.8,1,0.833,0.1,0.3,0.4,0.5,0.2,0.1,0.1,0.1,0.3,0.8,1.4,2.5,2.8,210,128,263,54,261,200,185,203,165,144,186,36,43,122,168,234,215,33,104,186,143,142,245,30,120,27,115,190,13
281,Mario Hezonja,ORL,21,11,6,5,0.545,2.8,0.7,1.4,0.533,0.5,1,0.545,0.3,0.3,1,0,0.3,0.3,0.1,0.3,0.1,0,0,0.2,0.2,2.3,3.2,2.7,268,234,263,153,208,55,81,86,3,5,27,169,213,1,346,236,289,230,47,114,283,293,328,227,49,11,126,190,13
282,Markel Brown,BKN,24,14,7,7,0.5,2.3,0.4,0.7,0.6,0.1,0.3,0.5,0.1,0.1,1,0.1,0.5,0.6,0.3,0.1,0,0,0,0.2,0.1,1.1,0.1,2.3,242,214,233,189,272,137,188,60,91,163,30,247,284,1,141,105,125,83,219,250,243,261,294,311,148,201,167,190,13
283,Markieff Morris,WAS,26,21,5,16,0.238,2.8,0.3,1,0.35,0,0.2,0,0.2,0.3,0.571,0,0.5,0.5,0.1,0.1,0,0.1,0,0.5,0.2,0.9,-1.6,2.1,185,252,94,392,212,179,143,241,218,206,208,210,186,249,241,118,152,224,189,201,58,273,104,189,202,371,191,103,13
284,Marreese Speights,GSW,28,3,3,0,1,1.8,0.7,0.7,1,0,0,0,0,0,0,0,0.7,0.7,0,0,0,0,0,0,0.3,1.3,3,2.1,355,291,405,1,316,69,200,1,274,311,208,307,324,299,346,57,114,357,348,312,283,293,405,128,131,17,184,190,13
285,Marvin Williams,CHA,30,38,20,18,0.526,3.2,0.3,0.8,0.433,0.2,0.4,0.5,0.2,0.3,0.667,0.2,0.6,0.8,0.1,0.1,0.1,0.1,0.1,0.3,0.3,1.1,0.4,2.6,37,44,58,174,158,170,173,159,63,132,30,194,196,211,130,75,87,213,247,193,82,143,255,160,163,158,142,49,13
286,Mason Plumlee,POR,26,34,17,17,0.5,2.6,0.1,0.2,0.625,0,0,0,0.4,0.7,0.609,0.1,0.4,0.6,0.2,0.1,0,0.1,0,0.5,0.4,0.7,-0.7,1.9,76,87,76,189,224,282,353,55,214,311,208,116,83,237,163,134,145,123,136,249,75,194,61,112,235,292,218,45,13
287,Matt Barnes,MEM,36,36,20,16,0.556,2.9,0.3,0.7,0.36,0.2,0.5,0.412,0.6,0.6,0.909,0.1,0.6,0.7,0.3,0.2,0.1,0.1,0,0.4,0.4,1.3,0.7,2.8,58,44,94,144,192,218,195,234,56,97,66,80,103,81,168,82,108,87,106,84,142,197,154,119,139,128,114,70,6
288,Matthew Dellavedova,CLE,25,27,18,9,0.667,2.2,0,0.2,0.167,0,0.2,0.167,0,0,1,0,0.2,0.2,0.3,0.1,0.1,0,0,0.4,0,0.1,1.5,0.9,130,79,197,63,277,340,355,324,185,190,186,295,309,1,310,297,329,96,171,152,283,229,145,324,356,65,339,125,13
289,Maurice Harkless,POR,23,13,8,5,0.615,2.1,0.2,0.5,0.286,0,0.2,0,0.2,0.3,0.5,0.2,0.2,0.4,0,0,0,0,0.1,0.2,0.2,0.5,0.5,0.9,248,195,263,99,289,278,241,290,274,185,208,244,200,261,91,315,219,307,348,244,283,113,347,250,289,148,335,125,13
290,Metta World Peace,LAL,36,3,0,3,0,2.7,0.3,1,0.333,0.3,0.7,0.5,0,0,0,0,0,0,0,0,0.3,0,0,0.3,0,1,-2.7,2,355,407,307,407,220,175,128,255,14,52,30,338,324,299,314,366,375,357,348,7,283,293,199,384,180,413,202,190,13
291,Meyers Leonard,POR,24,17,8,9,0.471,1.8,0.2,0.7,0.333,0.1,0.4,0.167,0.4,0.4,0.857,0.1,0.4,0.4,0.1,0.1,0,0,0.1,0.4,0.4,0.9,0.4,1.4,216,195,197,243,318,229,192,255,162,140,186,134,154,107,228,176,203,263,239,312,283,73,175,121,198,153,275,103,13
292,Michael Beasley,HOU,27,9,3,6,0.333,2.5,0.6,1.1,0.5,0,0.1,0,0,0,0,0.4,0.4,0.9,0,0.2,0,0,0,0.3,0.1,1.1,0.1,2,289,291,250,331,237,85,101,99,234,232,208,361,324,299,26,130,57,339,69,288,283,293,187,281,154,195,213,125,13
293,Michael Carter-Williams,MIL,24,21,11,10,0.524,4.2,0.5,1.1,0.435,0,0.1,0.5,0.5,0.8,0.625,0.1,0.7,0.8,0.3,0.3,0.3,0.2,0.1,0.5,0.7,1.5,-0.5,4.1,185,157,185,180,28,117,104,156,172,243,30,101,72,233,181,58,88,81,41,12,28,94,67,45,116,268,51,80,13
294,Michael Kidd-Gilchrist,CHA,22,2,1,1,0.5,4.2,0,0.5,0,0,0,0,0.5,1,0.5,0,0.5,0.5,0.5,0.5,0,0,0.5,0.5,1,0.5,-4,1.4,373,362,359,189,37,358,260,342,274,311,208,88,46,261,346,108,161,33,6,277,273,5,95,10,276,430,280,190,13
295,Mike Conley,MEM,28,30,19,11,0.633,3.8,0.5,1.9,0.268,0.1,0.5,0.286,0.6,0.9,0.667,0.1,0.3,0.4,0.6,0.2,0.1,0.1,0.2,0.5,0.5,1.7,1.6,3.5,106,64,173,94,71,100,39,295,101,99,122,69,54,211,178,223,207,26,75,97,123,22,78,89,88,57,76,93,13
296,Mike Dunleavy,CHI,35,11,9,2,0.818,1.5,0.2,0.5,0.4,0.2,0.3,0.667,0.2,0.2,1,0,0.2,0.2,0,0,0,0,0,0.2,0.3,0.7,3.6,0.9,268,183,326,41,350,259,284,185,67,165,19,219,263,1,329,300,332,336,329,312,283,293,322,170,229,7,329,190,13
297,Mike Miller,DEN,36,10,5,5,0.5,0.4,0,0,0,0,0,0,0,0,0,0,0,0,0.1,0,0,0,0,0.3,0,0,0.1,0.2,277,252,263,189,413,388,395,342,274,311,208,348,324,299,346,403,375,222,348,268,271,210,224,344,386,197,396,190,13
298,Mike Muscala,ATL,24,5,4,1,0.8,0.7,0,0,0,0,0,0,0.2,0.4,0.5,0,0,0,0,0,0,0,0,0.2,0.2,0.2,1,0.2,324,271,359,42,401,388,391,342,274,311,208,206,158,261,286,378,375,357,348,312,283,293,300,214,348,95,394,190,13
299,Mike Scott,ATL,27,12,4,8,0.333,0.8,0.1,0.5,0.167,0.1,0.3,0.25,0,0,0,0,0.1,0.1,0,0,0,0,0.1,0.1,0,0.3,-0.8,0.4,256,271,215,331,392,321,268,324,134,148,140,361,324,299,346,348,366,351,326,268,204,103,368,370,340,298,383,190,13
300,Miles Plumlee,MIL,27,10,5,5,0.5,2.3,0.2,0.4,0.5,0,0,0,0.2,0.4,0.5,0.3,0.7,1,0.1,0,0.1,0,0,0.3,0.2,0.6,0.3,2.3,277,252,263,189,267,251,296,99,274,311,208,206,163,261,56,47,33,217,326,97,219,293,229,211,264,172,168,190,13
301,Mirza Teletovic,PHX,30,28,10,18,0.357,2.1,0.3,0.8,0.348,0.2,0.7,0.3,0.2,0.2,0.833,0.1,0.3,0.4,0,0.2,0,0,0,0.2,0.2,1,-1.7,1.4,127,174,58,322,287,192,167,246,48,40,116,221,242,122,172,203,197,278,97,312,224,181,295,203,185,376,279,190,13
302,Mo Williams,CLE,33,11,7,4,0.636,3.3,0.3,0.9,0.3,0,0.4,0,1.1,1.3,0.857,0.1,0.1,0.2,0.2,0.1,0,0,0,0.2,0.6,1.6,1.5,2,268,214,283,90,143,202,154,286,274,136,208,20,24,107,189,345,334,149,190,312,283,293,321,50,99,61,197,190,13
303,Monta Ellis,IND,30,50,28,22,0.56,4.1,0.8,2,0.41,0.1,0.5,0.269,0.7,1,0.755,0,0.5,0.5,0.6,0.4,0.1,0.1,0.1,0.3,0.7,2.5,0.3,4.3,1,4,19,143,43,39,29,181,94,78,135,46,48,170,253,124,160,27,22,58,138,107,226,40,36,177,44,125,13
304,Montrezl Harrell,HOU,22,2,2,0,1,2.7,0,0,0,0,0,0,0,0,0,0.5,0,0.5,0,0,0,0,0,0,0,0,4,0.6,373,324,405,1,217,371,388,342,274,311,208,361,324,299,17,403,161,304,283,312,212,293,415,384,359,6,362,190,13
305,Myles Turner,IND,20,26,15,11,0.577,3.2,0.5,1.1,0.464,0,0.1,0.5,0.2,0.4,0.545,0.2,0.4,0.7,0.2,0,0,0.1,0.2,0.5,0.3,1.3,0.3,2.6,144,109,173,124,154,107,110,135,182,253,30,183,148,254,89,141,123,173,267,312,77,52,56,123,137,162,141,93,13
306,Nemanja Bjelica,MIN,28,16,6,10,0.375,2,0.1,0.3,0.25,0,0.1,0,0.2,0.3,0.75,0,0.3,0.3,0.1,0,0.1,0,0.1,0.3,0.2,0.3,-0.6,0.9,222,234,185,310,294,330,349,297,262,225,208,214,221,171,314,250,297,259,315,176,283,137,213,224,326,284,337,103,13
307,Nene,WAS,33,10,3,7,0.3,2.8,0.4,0.5,0.8,0,0,0,0.4,0.6,0.667,0.1,0.3,0.4,0.1,0,0.1,0,0,0.6,0.3,1.2,-0.9,2.1,277,291,233,364,203,149,265,31,209,275,208,121,105,211,177,220,208,222,328,99,246,212,41,154,144,316,186,125,13
308,Nerlens Noel,PHI,22,24,4,20,0.167,3.6,0.6,0.9,0.682,0,0,0,0.4,0.5,0.75,0.2,0.5,0.8,0.1,0.3,0.2,0.1,0,0.6,0.4,1.6,-2.8,3.1,162,271,35,398,98,77,152,45,274,311,208,127,131,171,99,92,95,237,36,42,100,166,45,98,100,414,100,49,13
309,Nick Collison,OKC,35,4,2,2,0.5,0.6,0,0.3,0,0,0,0,0,0,0,0.3,0.3,0.5,0.3,0,0,0,0,0.3,0,0,-0.8,1,337,324,326,189,402,388,352,342,274,278,208,311,324,299,81,249,175,103,294,312,283,293,262,384,386,299,325,190,13
310,Nick Young,LAL,31,15,4,11,0.267,1.7,0.1,0.5,0.143,0,0.3,0,0,0,0,0.1,0.2,0.3,0,0,0,0,0.1,0.1,0,0.1,0.3,0.5,233,271,173,377,332,327,282,333,274,168,208,352,324,299,151,284,261,329,331,312,283,127,372,368,357,175,373,190,13
311,Nicolas Batum,CHA,27,35,19,16,0.543,3.5,0.4,1.5,0.288,0.2,0.9,0.194,0.2,0.2,1,0.1,0.7,0.8,0.5,0.1,0.1,0,0.2,0.2,0.3,1.2,1.4,3,68,64,94,158,104,136,66,289,71,18,177,198,251,1,164,44,70,39,138,184,277,37,304,145,142,73,104,49,13
312,Nik Stauskas,PHI,22,21,2,19,0.095,1.9,0,0.5,0.1,0,0.3,0.143,0.2,0.3,0.667,0,0.2,0.2,0,0,0,0,0,0.2,0.2,0.3,-1.3,0.7,185,324,42,404,309,335,279,339,173,147,192,211,209,211,285,292,323,270,253,271,160,156,316,191,319,352,352,190,13
313,Nikola Jokic,DEN,21,25,12,13,0.48,2.6,0.3,0.6,0.438,0,0,1,0.3,0.4,0.727,0.1,0.7,0.8,0.2,0.1,0.1,0,0.1,0.4,0.5,0.9,-0.5,2.4,149,142,137,239,227,198,210,154,178,264,1,149,145,194,162,54,79,169,165,144,172,108,123,66,193,276,157,45,13
314,Nikola Mirotic,CHI,25,29,15,14,0.517,2.7,0.1,0.6,0.235,0.1,0.4,0.167,0.6,0.8,0.783,0,0.7,0.7,0.1,0.2,0,0,0,0.3,0.5,1,-0.2,1.8,116,109,122,184,216,291,224,314,153,112,186,63,66,160,258,60,109,251,102,218,261,293,250,85,183,236,224,93,13
315,Nikola Vucevic,ORL,25,33,14,19,0.424,4.7,0.9,2.2,0.408,0,0,0,0.6,0.8,0.8,0.5,0.8,1.3,0.4,0.2,0,0.2,0.2,0.8,0.7,2.4,0,5.1,79,118,42,278,13,28,24,184,250,271,208,68,73,144,23,33,22,55,93,227,26,35,20,42,41,207,22,11,13
316,Noah Vonleh,POR,20,4,3,1,0.75,1,0,0,0,0,0,0,0,0,0,0,0.3,0.3,0,0,0,0,0,0,0,0,0,0.3,337,291,359,45,381,388,395,342,274,311,208,361,324,299,346,250,297,350,348,312,283,206,410,331,381,212,387,190,13
317,Norman Powell,TOR,23,6,3,3,0.5,1.5,0,0.3,0,0,0.2,0,0,0,0,0,0.3,0.3,0,0.2,0,0,0,0.5,0,0,0.2,0.2,308,291,307,189,343,380,319,342,274,215,208,361,324,299,346,197,252,357,110,312,283,265,77,345,376,186,393,190,13
318,Norris Cole,NOP,27,22,9,13,0.409,2.2,0,0.4,0.125,0,0.1,0,0.2,0.2,1,0,0.2,0.2,0.1,0,0,0,0,0.4,0.1,0.3,0.1,0.8,179,183,137,288,276,336,308,337,261,244,208,185,232,1,346,299,332,188,257,205,252,293,167,259,325,199,347,125,13
319,O.J. Mayo,MIL,28,13,7,6,0.538,3.1,0.4,0.7,0.556,0.2,0.4,0.6,0.1,0.2,0.5,0,0.3,0.3,0.1,0.2,0.3,0.1,0,0.5,0.2,1.1,-0.8,2.5,248,214,250,164,172,152,198,72,43,129,24,283,281,261,324,216,277,246,65,10,113,293,110,196,164,305,147,190,13
320,Omer Asik,NOP,29,3,3,0,1,0.9,0,0.3,0,0,0,0,0.7,0.7,1,0.3,0,0.3,0,0,0,0,0,0,0.3,0.7,0,1.1,355,291,405,1,391,382,330,342,274,311,208,59,88,1,45,373,261,357,348,312,283,293,405,127,244,208,310,125,13
321,Omri Casspi,SAC,28,23,9,14,0.391,2.4,0.1,0.3,0.25,0,0.3,0.143,0.1,0.2,0.75,0,0.3,0.3,0.1,0,0.1,0,0,0.3,0.1,0.3,-1.1,1.1,172,183,122,303,253,316,313,297,175,158,192,257,269,171,302,242,293,234,260,119,167,162,257,299,316,342,302,80,13
322,Otto Porter Jr.,WAS,23,24,11,13,0.458,3.5,0.2,0.5,0.308,0,0.2,0,0,0,1,0.1,0.5,0.6,0,0.1,0,0.1,0,0.2,0.1,0.4,-0.4,1.4,162,157,137,251,103,264,239,280,254,198,208,291,307,1,159,103,129,274,162,206,103,164,335,300,312,252,271,103,13
323,PJ Hairston,MEM,23,12,7,5,0.583,1.9,0.1,0.3,0.25,0.1,0.2,0.5,0,0,0,0,0.3,0.3,0.1,0,0,0,0,0.1,0.2,0.3,0.3,0.8,256,214,263,120,306,321,329,297,135,212,30,334,314,299,346,197,254,239,322,271,235,293,370,234,339,178,350,190,13
324,PJ Tucker,PHX,31,36,10,26,0.278,2.9,0.3,0.6,0.429,0.1,0.3,0.333,0.2,0.3,0.727,0.3,0.7,1,0.1,0.1,0.2,0.1,0.1,0.3,0.2,0.8,-2.4,2.7,58,174,5,375,187,219,225,161,133,174,88,187,201,194,65,49,45,264,146,43,104,141,195,199,213,408,133,60,13
325,Pablo Prigioni,LAC,39,4,2,2,0.5,2.2,0,0.3,0,0,0,0,0,0,0,0,0.5,0.5,0.3,0.3,0,0,0.3,0.3,0,0,1.8,0.7,337,324,326,189,280,379,348,342,274,289,208,361,324,299,316,108,158,103,54,312,212,18,259,330,381,50,353,190,13
326,Pat Connaughton,POR,23,2,2,0,1,0.3,0,0,0,0,0,0,0,0,0,0,0,0,0,0,0,0,0,0,0,0,1,0,373,324,405,1,417,388,395,342,274,311,208,361,324,299,346,403,375,357,348,312,200,293,383,384,386,100,400,190,13
327,Patrick Beverley,HOU,27,38,21,17,0.553,3.5,0.3,0.6,0.545,0.2,0.4,0.533,0.3,0.4,0.714,0.2,0.3,0.5,0.2,0.1,0.1,0,0,0.4,0.3,1.1,0.7,2.3,37,31,76,149,111,184,226,77,50,124,28,171,170,199,98,240,183,118,209,66,250,200,134,161,156,125,164,125,13
328,Patrick Patterson,TOR,27,35,23,12,0.657,2.9,0.2,0.5,0.444,0.2,0.4,0.429,0,0,1,0,0.4,0.4,0.1,0,0.1,0,0,0.3,0,0.7,1.3,1.6,68,19,157,79,193,235,251,146,71,118,60,297,310,1,263,165,206,205,278,120,185,293,178,325,253,75,243,190,13
329,Patty Mills,SAS,27,16,12,4,0.75,1.5,0.4,0.8,0.462,0.2,0.5,0.375,0.2,0.2,1,0.3,0.1,0.4,0.2,0.1,0.1,0,0,0,0.3,1.1,2.6,2.2,222,142,283,45,346,153,170,136,61,84,80,213,261,1,78,331,222,143,234,72,265,293,395,185,152,22,181,190,13
330,Pau Gasol,CHI,35,42,24,18,0.571,4.3,0.5,1.4,0.339,0,0.1,0.25,0.8,1,0.773,0.3,1.1,1.4,0.3,0.3,0,0.5,0.1,0.5,0.6,1.8,-0.1,5,16,14,58,129,22,118,78,253,206,242,140,38,37,165,55,11,11,92,32,236,7,95,88,49,83,229,26,3,6
331,Paul George,IND,26,50,27,23,0.54,4.2,0.9,2.4,0.373,0.3,0.8,0.333,1,1.2,0.8,0.1,0.6,0.7,0.3,0.3,0.3,0.1,0.2,0.4,0.9,3,0,5,1,7,16,163,31,27,15,218,27,25,88,29,26,144,226,70,112,66,44,14,109,24,157,22,21,203,25,20,13
332,Paul Millsap,ATL,31,41,23,18,0.561,3.8,0.6,1.7,0.366,0,0.2,0.2,0.6,0.8,0.774,0.4,0.9,1.3,0.5,0.1,0.2,0.2,0.2,0.5,0.5,1.9,0.8,5.3,21,19,58,142,74,75,49,221,171,178,165,72,75,164,27,24,19,41,137,24,40,38,57,63,73,112,18,7,13
333,Paul Pierce,LAC,38,21,14,7,0.667,2.4,0.1,0.6,0.231,0.1,0.5,0.182,0,0,0,0,0.2,0.3,0.1,0.2,0,0,0,0.1,0.1,0.4,1.3,1,185,118,233,63,252,287,218,316,124,77,181,357,324,299,242,258,284,225,88,201,158,155,354,253,309,77,327,190,13
334,Phil Pressey,POR,25,5,0,5,0,1,0,0.6,0,0,0.2,0,0,0,0,0,0.2,0.2,0.2,0,0,0,0,0,0.2,0,-0.4,0.5,324,407,263,407,378,364,223,342,274,202,208,353,324,299,311,281,316,130,300,312,283,293,414,217,371,259,372,190,13
335,Quincy Acy,SAC,25,10,5,5,0.5,2.2,0.1,0.1,1,0,0,0,0.5,0.6,0.833,0.1,0.5,0.6,0,0,0,0.3,0,0.1,0.3,0.7,0.3,2.3,277,252,263,189,281,307,375,1,274,311,208,88,104,122,176,102,135,319,348,312,18,293,366,157,236,169,162,190,13
336,Rajon Rondo,SAC,30,38,15,23,0.395,3.1,0.4,0.7,0.538,0,0.1,0,0.1,0.2,0.556,0.3,0.5,0.7,0.7,0.3,0.2,0.1,0,0.7,0.2,0.9,-1.3,3.4,37,109,16,302,171,157,199,83,232,251,208,255,227,253,69,120,99,19,37,20,151,268,26,205,201,350,78,11,1
337,Rakeem Christmas,IND,24,1,1,0,1,0.4,0,0,0,0,0,0,0,0,0,0,0,0,0,0,0,0,0,0,0,0,2,0,403,362,405,1,409,388,394,342,274,311,208,338,317,299,346,378,375,357,333,312,262,293,391,384,376,38,400,190,13
338,Ramon Sessions,WAS,30,19,9,10,0.474,2.5,0.2,0.7,0.214,0.1,0.3,0.2,0.1,0.2,0.667,0.1,0.2,0.3,0.1,0,0,0,0,0.1,0.1,0.5,0.4,0.9,203,183,185,242,238,277,183,318,168,170,165,270,280,211,232,271,292,267,312,288,283,293,364,288,287,151,340,190,13
339,Randy Foye,OKC,32,24,11,13,0.458,2.4,0,0.3,0.125,0,0.2,0.2,0.3,0.3,0.857,0,0.3,0.3,0.1,0,0,0.1,0,0.3,0.2,0.4,0,1.1,162,157,137,251,244,338,324,337,176,197,165,177,206,107,344,247,295,236,263,207,104,279,270,206,310,220,303,190,13
340,Rashad Vaughn,MIL,19,6,2,4,0.333,1.6,0.2,0.2,1,0,0,0,0,0,0,0,0,0,0,0,0,0.2,0,0.8,0,0.3,-2.3,0.8,308,324,283,331,336,268,363,1,274,299,208,361,324,299,295,403,375,357,348,312,45,220,16,370,321,404,345,190,13
341,Rasual Butler,SAS,37,2,2,0,1,4.3,0.5,0.5,1,0.5,0.5,1,0,0,0,0,1,1,0,0,0,0.5,0,0,0,1.5,7,4.2,373,324,405,1,24,102,258,1,6,83,1,361,324,299,280,17,34,357,348,312,5,248,387,384,115,2,45,190,13
342,Raul Neto,UTA,24,15,5,10,0.333,2.4,0.2,0.5,0.375,0.1,0.3,0.5,0.4,0.7,0.6,0,0.1,0.1,0.2,0,0.1,0.1,0,0.3,0.3,0.9,0.3,1.8,233,252,185,331,255,245,244,209,102,167,30,123,93,238,319,328,357,130,285,165,122,293,253,129,190,164,227,190,13
343,Ray McCallum,SAS,25,1,0,1,0,0.9,0,1,0,0,0,0,0,0,0,0,1,1,0,1,0,0,1,0,0,0,-2,0.2,403,407,359,407,390,388,125,342,274,311,208,361,324,299,346,17,34,357,1,238,283,3,375,384,383,391,394,190,13
344,Raymond Felton,DAL,32,40,22,18,0.55,3.4,0.4,1,0.421,0.1,0.3,0.25,0.7,0.9,0.824,0,0.4,0.5,0.2,0.1,0.1,0,0.1,0.3,0.5,1.6,1.1,2.8,26,24,58,152,128,148,144,170,149,159,140,50,61,141,266,138,189,114,249,71,283,149,225,86,104,91,121,103,6
345,Reggie Bullock,DET,25,2,2,0,1,6.1,0,0.5,0,0,0.5,0,0,0,0,0,1,1,0.5,0,0.5,0,0,0.5,0,0,2.5,3.5,373,324,405,1,3,388,272,342,274,91,208,361,324,299,274,14,31,33,305,3,283,293,79,337,365,23,77,190,13
346,Reggie Jackson,DET,26,37,24,13,0.649,4.3,1.4,3.4,0.424,0.3,0.7,0.462,1.6,1.8,0.896,0.1,0.5,0.6,0.6,0.4,0,0,0.4,0.4,1.3,4.8,1.9,6.2,49,14,137,83,26,5,2,168,16,46,54,5,6,87,171,93,124,25,16,231,208,9,127,4,2,41,6,60,13
347,Richard Jefferson,CLE,36,10,6,4,0.6,3.1,0.1,0.3,0.333,0,0.2,0,0,0,0,0.1,0.2,0.3,0.1,0.1,0,0,0,0.2,0.2,0.2,0.1,0.6,277,234,283,105,159,306,338,255,274,202,208,360,324,299,179,276,280,218,185,262,255,293,307,212,352,196,361,190,13
348,Richaun Holmes,PHI,22,4,1,3,0.25,0.6,0,0,0,0,0,0,0,0,0,0,0,0,0,0,0,0,0,0,0,0,-3,0,337,362,307,380,403,388,395,342,274,311,208,361,324,299,296,390,375,287,305,246,283,256,388,384,386,421,400,190,13
349,Ricky Rubio,MIN,25,44,19,25,0.432,4.2,0.2,0.8,0.303,0.1,0.3,0.286,0.8,1,0.833,0.1,0.8,0.9,0.8,0.3,0.2,0,0,0.6,0.6,1.3,-0.5,3.9,12,64,7,271,34,236,178,284,127,153,122,42,50,122,144,36,59,11,35,48,195,205,48,51,130,271,56,29,13
350,Robert Covington,PHI,25,26,2,24,0.077,3.8,0.2,1.2,0.161,0.1,0.7,0.118,0.3,0.5,0.643,0.1,0.8,0.8,0.1,0.4,0.1,0,0.2,1,0.3,0.8,-3.3,1.8,144,324,13,405,69,254,95,331,145,54,201,135,121,232,208,35,64,204,21,147,229,53,3,124,210,424,222,60,13
351,Robert Sacre,LAL,27,1,0,1,0,2.3,1,1,1,0,0,0,0,0,0,0,0,0,0,0,0,0,0,2,0,2,-1,2,403,407,359,407,264,20,125,1,274,311,208,361,324,299,346,378,375,357,348,312,283,293,2,349,65,328,202,190,13
352,Robin Lopez,NYK,28,27,12,15,0.444,3.3,0.5,0.7,0.722,0,0,0,0.5,0.5,0.929,0.4,0.6,1,0.1,0.1,0,0.3,0,0.3,0.3,1.4,0.3,3.3,130,142,112,259,136,116,201,42,274,307,208,98,122,72,32,88,46,249,134,309,21,178,198,175,121,173,85,45,13
353,Rodney Hood,UTA,23,38,14,24,0.368,4.6,0.9,2.2,0.4,0.2,0.9,0.242,0.4,0.5,0.778,0.1,0.4,0.5,0.3,0.2,0.1,0,0.2,0.6,0.3,2.4,-2.2,3.6,37,118,13,315,15,26,20,185,50,21,157,130,137,162,231,128,168,60,122,190,188,50,47,142,40,399,70,190,13
354,Rodney Stuckey,IND,30,12,6,6,0.5,3,0.5,0.8,0.667,0.1,0.3,0.333,0.3,0.4,0.8,0.2,0.3,0.5,0.2,0.1,0.1,0,0,0,0.3,1.4,-0.8,2.4,256,234,250,189,179,108,180,46,136,176,88,146,151,144,118,189,171,163,202,131,283,293,376,135,123,302,150,190,13
355,Rondae Hollis-Jefferson,BKN,21,9,3,6,0.333,1.3,0,0.1,0,0,0.1,0,0,0.2,0,0,0.1,0.1,0,0,0,0,0,0.2,0.1,0,-2.9,0.1,289,291,250,331,363,366,374,342,274,235,208,361,236,299,271,338,362,357,337,300,283,265,286,282,373,416,398,190,13
356,Ronnie Price,PHX,33,15,3,12,0.2,1.2,0.1,0.2,0.333,0,0.1,0,0.1,0.1,1,0,0,0,0,0.1,0.1,0,0,0.4,0.1,0.2,-0.7,0.3,233,291,157,395,368,328,357,255,258,257,208,286,304,1,346,378,375,357,227,160,262,293,150,265,349,295,384,190,13
357,Roy Hibbert,LAL,29,12,4,8,0.333,3,0.1,0.3,0.333,0,0,0,0.5,0.6,0.857,0.4,0.4,0.8,0,0.1,0,0.3,0,0.3,0.4,0.7,-1.8,2.3,256,271,215,331,184,318,350,255,226,311,208,88,111,107,30,143,67,291,197,258,22,293,196,99,245,381,160,103,13
358,Rudy Gay,SAC,29,37,16,21,0.432,3.6,0.6,1.6,0.39,0.1,0.4,0.333,0.4,0.7,0.577,0.1,0.6,0.7,0.1,0.1,0.2,0,0,0.3,0.5,1.8,-0.7,3.1,49,99,25,269,95,78,57,200,98,117,88,120,81,248,147,86,107,240,179,47,280,198,231,82,84,289,96,80,13
359,Rudy Gobert,UTA,24,25,7,18,0.28,4.3,0.2,0.6,0.429,0,0,0,0.5,0.9,0.522,0.4,0.6,1,0.2,0.1,0,0.3,0,0.5,0.6,1,-1.9,3.1,149,214,58,374,21,224,231,161,245,311,208,100,51,259,36,77,47,170,207,285,20,172,70,59,187,383,99,33,13
360,Russell Westbrook,OKC,27,42,22,20,0.524,3.8,1,2.6,0.389,0.1,0.7,0.2,1,1.1,0.913,0.2,0.7,0.9,0.8,0.5,0.2,0.1,0.2,0.6,0.8,3.1,-0.5,5.8,16,24,35,180,67,15,8,201,90,41,165,24,34,80,95,56,60,16,5,19,119,21,43,26,18,272,12,3,1
361,Ryan Anderson,NOP,28,36,13,23,0.361,3.5,0.2,0.7,0.28,0.1,0.4,0.286,0.3,0.3,0.917,0.2,0.4,0.6,0.1,0.1,0.1,0.1,0.1,0.3,0.3,0.8,0.3,2.2,58,128,16,320,116,252,196,293,113,127,122,154,181,78,105,131,126,208,243,126,102,105,189,179,212,168,177,60,13
362,Ryan Hollins,MEM,31,4,3,1,0.75,1.3,0,0,0,0,0,0,0,0,0,0,0,0,0,0,0,0,0,0.3,0,0,-0.3,0,337,291,359,45,362,388,395,342,274,311,208,361,324,299,274,403,375,295,348,312,283,293,270,363,386,240,400,190,13
363,Ryan Kelly,LAL,25,4,1,3,0.25,2,0,0,0,0,0,0,0,0.5,0,0,0.8,0.8,0,0.3,0,0.3,0,0,0.5,0,2,1.4,337,362,307,380,298,377,388,342,274,311,208,361,133,299,346,38,94,346,55,312,23,238,383,73,360,40,276,190,13
364,Salah Mejri,DAL,30,3,2,1,0.667,3.5,0.3,0.3,1,0,0,0,0,0.7,0,0,1.3,1.3,0,0,0,1,0,0,0.3,0.7,4,5.3,355,324,359,63,115,177,316,1,274,311,208,361,94,299,305,6,15,357,348,312,1,293,379,133,241,5,19,125,13
365,Sasha Kaun,CLE,31,1,0,1,0,1.5,0,0,0,0,0,0,0,0,0,0,0,0,0,0,0,0,0,0,0,0,1,0,403,407,359,407,345,356,395,342,274,311,208,361,324,299,346,385,375,357,348,312,200,293,419,384,369,94,400,190,13
366,Sasha Vujacic,NYK,32,15,4,11,0.267,2.2,0,0.5,0,0,0.5,0,0.3,0.3,1,0,0.3,0.3,0.1,0.1,0.1,0,0.1,0.5,0.1,0.3,-1.2,1,233,271,173,377,274,359,242,342,274,100,208,170,214,1,346,195,248,190,226,165,243,127,59,263,335,347,319,190,13
367,Sean Kilpatrick,BKN,26,7,1,6,0.143,1.6,0.1,0.4,0.333,0,0.1,0,0,0,0,0,0.3,0.3,0.1,0,0,0,0.1,0.1,0,0.3,-5.1,0.8,299,362,250,399,337,285,290,255,274,219,208,319,324,299,346,230,285,181,289,312,283,60,352,384,331,433,344,190,13
368,Serge Ibaka,OKC,26,39,20,19,0.513,3.3,0.4,0.7,0.519,0,0.1,0.25,0.2,0.2,0.875,0.3,0.5,0.8,0.1,0.1,0,0.2,0.1,0.5,0.1,0.9,-0.6,2.7,30,44,42,186,135,163,197,95,204,236,140,220,247,97,75,94,82,216,156,233,29,90,100,267,191,279,132,70,13
369,Sergey Karasev,BKN,22,1,1,0,1,3.8,0,0,0,0,0,0,0,0,0,0,2,2,1,1,0,0,0,1,0,0,3,2.9,403,362,405,1,73,349,395,342,274,311,208,361,313,299,346,3,3,2,1,312,283,293,7,384,386,19,109,190,13
370,Seth Curry,SAC,25,7,3,4,0.429,3.8,0.4,0.7,0.6,0.1,0.3,0.5,0.1,0.1,1,0,0.1,0.1,0.3,0,0.1,0,0,0.3,0,1.1,0.7,2.2,299,291,283,272,64,135,187,60,89,161,30,249,284,1,330,323,354,79,299,55,283,231,242,375,149,123,178,125,13
371,Shabazz Muhammad,MIN,23,23,6,17,0.261,1.9,0,0.6,0.077,0,0.4,0,0.2,0.2,0.8,0.1,0.3,0.3,0.1,0.1,0,0,0,0.2,0.2,0.3,-0.7,0.7,172,234,76,379,300,337,229,341,274,126,208,226,238,144,192,241,239,233,154,296,283,293,291,229,336,297,357,190,13
372,Shabazz Napier,ORL,24,6,2,4,0.333,3.1,0.8,1.3,0.625,0.3,0.7,0.5,0,0,0,0,0.2,0.2,0.2,0.2,0,0,0,0.7,0.2,2,-0.2,2.3,308,324,283,331,169,35,82,55,14,53,30,348,324,299,346,309,336,158,110,302,243,293,28,238,63,234,166,190,13
373,Shane Larkin,BKN,23,27,11,16,0.407,2.4,0.3,0.6,0.412,0,0.1,0.5,0.2,0.3,0.75,0.1,0.4,0.5,0.3,0.3,0,0,0,0.2,0.2,0.8,0.2,1.6,130,157,94,290,249,212,215,180,184,254,30,188,203,171,212,133,154,95,49,214,223,178,285,200,223,183,240,190,13
374,Shaun Livingston,GSW,30,24,21,3,0.875,2.9,0.3,0.4,0.6,0,0,0,0.3,0.3,1,0.1,0.2,0.3,0.2,0,0.1,0.1,0,0.4,0.3,0.8,2.2,1.9,162,31,307,34,190,215,292,60,274,311,208,158,205,1,160,273,261,164,262,128,101,250,159,182,220,31,216,190,13
375,Shayne Whittington,IND,25,1,1,0,1,0.4,0,0,0,0,0,0,0,0,0,0,0,0,0,0,0,0,0,0,0,0,2,0,403,362,405,1,409,388,395,342,274,311,208,361,324,299,346,366,374,357,348,312,283,293,419,384,386,39,400,190,13
376,Shelvin Mack,UTA,26,12,3,9,0.25,3.5,0.4,1.2,0.357,0.2,0.5,0.333,0.1,0.2,0.5,0.1,0.1,0.2,0.1,0.1,0,0,0.2,0.9,0.1,1.1,-1.8,1.3,256,291,197,380,112,140,97,235,78,89,88,279,275,261,199,347,343,235,202,277,283,42,15,301,162,380,285,190,13
377,Solomon Hill,IND,25,22,10,12,0.455,2,0.1,0.4,0.375,0,0.2,0.25,0.2,0.3,0.833,0.1,0.3,0.5,0.2,0,0.1,0,0,0.4,0.1,0.5,-1,1.8,179,174,157,255,293,293,309,209,174,207,140,186,212,122,146,206,188,146,348,62,219,293,144,262,273,335,229,190,13
378,Sonny Weems,PHX,29,2,0,2,0,1,0,0,0,0,0,0,0,0,0,0,0,0,0,0,0,0,0,0,0,0,-4,0,373,407,326,407,383,388,383,342,274,311,208,361,324,299,346,359,375,357,348,312,283,293,401,384,386,432,400,190,13
379,Spencer Dinwiddie,CHI,23,1,1,0,1,7.1,2,5,0.4,0,1,0,2,4,0.5,1,0,1,1,0,0,0,1,0,3,6,-1,8.7,403,362,405,1,2,1,1,185,224,12,208,2,1,261,2,365,43,3,348,312,269,2,419,1,1,331,2,190,13
380,Spencer Hawes,CHA,28,13,7,6,0.538,1.5,0.2,0.5,0.429,0.1,0.2,0.333,0,0,0,0.2,0.2,0.4,0.3,0.1,0.1,0,0,0.2,0,0.5,1.2,1.6,248,214,250,164,340,234,240,161,147,184,88,328,324,299,91,316,220,68,212,150,257,250,281,350,274,83,247,125,13
381,Stanley Johnson,DET,20,23,14,9,0.609,1.4,0.2,0.3,0.5,0.1,0.1,1,0.2,0.2,0.8,0,0.1,0.1,0,0,0,0,0,0.2,0.1,0.6,-0.1,0.9,172,118,197,102,355,261,314,99,129,246,1,227,239,144,246,346,358,357,261,277,166,277,293,266,261,227,342,103,13
382,Stephen Curry,GSW,28,31,27,4,0.871,3.9,1.2,2.8,0.442,0.5,1.4,0.381,1.5,1.6,0.918,0.2,0.6,0.8,0.5,0.5,0.2,0,0.1,0.2,1.1,4.4,3.3,6.2,97,7,283,37,51,8,6,152,4,2,77,8,10,76,106,71,74,40,11,33,222,64,284,9,3,10,7,41,13
383,Steve Blake,DET,36,7,2,5,0.286,0.6,0,0,0,0,0,0,0,0,0,0,0.1,0.1,0.3,0,0,0,0,0.1,0,0,-1.6,0.6,299,324,263,371,406,350,395,342,274,311,208,361,324,299,346,323,355,82,331,312,283,261,353,373,386,370,362,190,13
384,Steve Novak,MIL,33,1,0,1,0,0,0,0,0,0,0,0,0,0,0,0,0,0,0,0,0,0,0,0,0,0,-1,0,403,407,359,407,427,388,395,342,274,311,208,361,324,299,346,403,375,357,347,312,283,293,419,334,372,325,400,190,13
385,Steven Adams,OKC,22,33,19,14,0.576,3.4,0.3,0.5,0.5,0,0,0,0.2,0.4,0.5,0.6,0.6,1.2,0,0.1,0.2,0.2,0,0.5,0.3,0.7,0.5,3,79,64,122,125,129,201,237,99,274,311,208,218,174,261,9,73,23,337,193,52,55,271,101,152,228,136,107,125,13
386,T.J. McConnell,PHI,24,21,1,20,0.048,1.5,0.1,0.3,0.333,0,0,0,0,0.1,0.5,0,0.2,0.2,0.3,0.1,0.1,0,0,0.3,0,0.2,-3.4,1.2,185,362,35,406,344,310,340,255,274,262,208,290,295,261,346,291,325,84,139,55,266,288,239,319,342,427,300,190,13
387,TJ Warren,PHX,22,12,3,9,0.25,2.2,0.3,0.7,0.375,0,0.1,0,0.2,0.3,0.5,0.2,0.3,0.5,0,0,0.3,0,0.1,0.3,0.2,0.7,0.2,2,256,291,197,380,282,220,207,209,274,248,208,231,189,261,121,196,171,329,305,16,259,106,193,233,249,185,200,125,13
388,Taj Gibson,CHI,31,33,18,15,0.545,3.3,0.1,0.3,0.222,0,0,0,0.3,0.4,0.769,0.3,0.4,0.8,0,0,0.1,0.2,0,0.4,0.4,0.4,-1.4,2.1,79,79,112,153,138,331,344,317,259,289,208,156,165,166,42,140,92,357,276,180,32,190,168,109,298,364,187,80,13
389,Tarik Black,LAL,24,2,0,2,0,0.4,0,0,0,0,0,0,0,0,0,0,0,0,0,0,0,0,0,0,0,0,-1,0,373,407,326,407,412,388,388,342,274,311,208,361,324,299,274,403,375,357,348,312,224,293,383,384,386,324,400,190,13
390,Tayshaun Prince,MIN,36,25,11,14,0.44,2.9,0.1,0.4,0.3,0,0,0,0.1,0.2,0.75,0,0.3,0.4,0.1,0,0,0,0,0.2,0.1,0.4,-0.5,1,149,157,122,263,199,301,299,286,270,284,208,264,276,171,254,204,233,241,348,209,275,286,341,304,314,269,316,190,13
391,Terrence Jones,HOU,24,9,8,1,0.889,2.9,0.4,0.9,0.5,0,0,0,0.4,0.4,1,0.3,0.3,0.7,0,0,0.1,0.1,0.1,0.3,0.3,1.3,1.6,2.8,289,195,359,33,197,131,156,99,264,309,208,108,144,1,43,183,119,357,305,84,80,81,185,130,132,60,118,190,13
392,Terrence Ross,TOR,25,21,14,7,0.667,2,0.3,0.5,0.545,0.1,0.3,0.429,0.3,0.3,0.857,0,0.2,0.2,0,0,0,0.1,0,0.1,0.2,1,1.1,1.5,185,118,233,63,295,195,248,77,88,146,60,161,186,107,239,289,306,315,255,306,90,156,350,222,173,88,259,125,13
393,Terry Rozier,BOS,22,2,1,1,0.5,0.7,0,0,0,0,0,0,0,0,0,0,1,1,0,0,0,0,0,0,0,0,2.5,1.2,373,362,359,189,398,350,383,342,274,311,208,361,324,299,346,17,34,303,348,292,236,233,413,364,374,25,292,190,13
394,Thabo Sefolosha,ATL,32,34,17,17,0.5,2.3,0.1,0.4,0.2,0.1,0.2,0.286,0.2,0.2,0.75,0.1,0.4,0.4,0.1,0,0.1,0.1,0.1,0.3,0.1,0.4,-1.5,1.5,76,87,76,189,271,314,286,319,163,199,122,222,229,171,227,175,202,232,314,116,139,138,234,252,301,369,265,190,13
395,Thaddeus Young,BKN,28,38,13,25,0.342,3.2,0.6,1.1,0.512,0,0.1,0.5,0.3,0.4,0.765,0.3,0.4,0.7,0.1,0.2,0.1,0.1,0.1,0.3,0.3,1.5,-1.1,2.9,37,128,7,330,152,86,107,97,201,261,30,137,142,168,62,127,100,244,123,66,152,146,179,143,117,343,111,20,13
396,Thomas Robinson,BKN,25,9,4,5,0.444,0.7,0.2,0.3,0.667,0,0,0,0,0,0,0.2,0,0.2,0,0,0.1,0,0,0.1,0,0.4,-0.6,1,289,271,263,259,397,241,317,46,219,311,208,361,324,299,94,364,308,316,348,81,240,228,362,383,293,278,313,190,13
397,Tiago Splitter,ATL,31,3,2,1,0.667,0.8,0.3,0.3,1,0,0,0,0,0,0,0.3,0,0.3,0,0,0,0,0,0.3,0,0.7,2.7,1.1,355,324,359,63,394,180,321,1,274,311,208,311,324,299,45,366,265,319,348,239,283,293,205,348,242,21,310,190,13
398,Tibor Pleiss,UTA,26,1,1,0,1,3.7,0,1,0,0,0,0,0,0,0,0,1,1,0,0,0,0,0,1,0,0,0,1.2,403,362,405,1,80,347,133,342,274,279,208,304,324,299,346,17,32,341,340,312,283,293,7,384,386,204,292,190,13
399,Tim Duncan,SAS,40,19,12,7,0.632,3.1,0.3,0.5,0.5,0,0,0,0.2,0.3,0.667,0.3,0.4,0.7,0.5,0.3,0,0.2,0.1,0.3,0.2,0.7,1.7,2.5,203,142,233,95,163,209,247,99,244,311,208,194,197,211,54,166,111,31,30,259,52,144,212,247,226,51,145,93,13
400,Tim Frazier,NOP,25,10,5,5,0.5,2.4,0.3,0.4,0.75,0.1,0.1,1,0,0,0,0.1,0.2,0.3,0.3,0.3,0.2,0.1,0,0.3,0,0.7,-1.3,2.1,277,252,263,189,258,189,297,34,120,237,1,361,324,299,179,282,280,73,34,28,84,293,228,364,237,353,190,125,13
401,Tim Hardaway Jr.,ATL,24,8,3,5,0.375,0.6,0,0.1,0,0,0,0,0,0,0,0,0.1,0.1,0,0,0,0,0.1,0,0.1,0,-0.8,0.2,296,291,263,310,405,388,372,342,274,311,208,305,324,299,346,330,359,318,348,312,209,68,380,268,368,300,396,190,13
402,Timofey Mozgov,CLE,29,3,1,2,0.333,4.2,1,1.3,0.75,0,0,0,0.3,0.7,0.5,0,1.3,1.3,0,0,0,0.3,0,0.7,0.3,2.3,-2,4.9,355,362,326,331,29,17,83,34,242,282,208,139,92,261,333,5,16,339,298,257,13,222,30,134,45,390,29,125,13
403,Tobias Harris,DET,23,40,21,19,0.525,3.8,0.3,0.8,0.333,0,0.2,0.111,0.5,0.6,0.826,0.1,0.5,0.6,0.2,0.2,0,0,0.1,0.5,0.5,1,0.2,2,26,31,42,177,72,222,179,255,205,187,202,102,113,139,160,126,142,113,131,234,191,150,118,88,172,184,199,60,13
404,Toney Douglas,NOP,30,12,5,7,0.417,2.6,0.3,0.9,0.364,0.2,0.8,0.222,0.3,0.4,0.8,0,0.3,0.3,0.2,0.1,0.1,0,0,0.3,0.3,1.2,-1.3,2,256,252,233,284,226,173,153,223,74,35,161,143,152,144,346,193,250,162,200,123,274,293,186,183,147,359,207,125,13
405,Tony Allen,MEM,34,27,16,11,0.593,3.2,0.1,0.3,0.333,0,0,0,0.2,0.2,0.833,0.1,0.3,0.4,0,0.1,0.2,0,0,0.4,0.1,0.4,0.6,1.6,130,99,173,116,155,304,328,255,274,296,208,215,235,122,211,225,223,277,172,23,173,177,161,283,303,133,252,125,13
406,Tony Parker,SAS,34,24,17,7,0.708,3.3,0.9,1.6,0.538,0.1,0.2,0.4,0.3,0.6,0.533,0,0.1,0.2,0.4,0.1,0.1,0,0.2,0.3,0.5,2.2,1.5,3.1,162,87,233,57,146,29,55,83,136,196,71,145,100,256,249,332,341,50,160,131,234,42,268,73,51,67,98,190,13
407,Tony Snell,CHI,24,16,7,9,0.438,4.7,0.1,0.8,0.154,0.1,0.7,0.182,0.1,0.1,1,0.1,0.4,0.4,0.1,0.1,0,0,0.1,0.3,0.1,0.4,-3.8,0.9,222,214,197,265,14,298,171,332,107,49,181,287,306,1,222,164,195,259,161,312,283,135,215,271,295,429,332,190,13
408,Trevor Ariza,HOU,31,47,27,20,0.574,4,0.4,1.1,0.38,0.2,0.8,0.306,0.2,0.3,0.75,0,0.4,0.5,0.2,0.1,0.2,0,0,0.3,0.1,1.2,0.9,2.6,5,7,35,128,49,144,111,207,42,33,115,209,218,171,248,129,179,137,157,26,217,163,181,286,141,106,139,125,13
409,Trevor Booker,UTA,28,27,8,19,0.296,3.3,0.3,0.6,0.467,0,0.1,0.333,0.4,0.6,0.688,0.3,0.6,0.9,0.2,0.1,0,0.2,0,0.5,0.3,1,-3,2.9,130,195,42,369,133,211,232,133,186,233,88,119,107,207,59,67,50,145,135,215,43,178,71,159,186,418,112,125,13
410,Trey Burke,UTA,23,19,7,12,0.368,3.7,0.5,1.5,0.321,0.3,0.8,0.4,0.2,0.4,0.429,0,0.2,0.2,0.2,0.2,0.1,0,0.1,0.2,0.3,1.4,-0.9,2.1,203,214,157,315,84,119,68,278,19,30,71,241,171,292,346,272,312,171,124,90,279,85,345,174,122,313,194,190,13
411,Trey Lyles,UTA,20,14,5,9,0.357,1.7,0.1,0.4,0.167,0.1,0.4,0.2,0.1,0.1,1,0.1,0.3,0.4,0.2,0.1,0,0,0,0.2,0.1,0.4,-2,1,242,252,197,322,325,325,289,324,152,139,165,248,284,1,214,229,235,117,221,312,283,240,296,255,315,385,315,125,13
412,Tristan Thompson,CLE,25,31,18,13,0.581,3.2,0.3,0.4,0.833,0,0,0,0.2,0.3,0.5,0.2,0.7,0.9,0,0.1,0,0.1,0,0.3,0.2,0.8,-0.9,2,97,79,137,123,157,182,302,26,274,311,208,239,194,261,107,45,53,279,188,305,129,234,209,198,211,311,198,33,13
413,Troy Daniels,CHA,24,4,2,2,0.5,5.6,1.5,2,0.75,1.3,1.5,0.833,0,0,0,0,0,0,0.3,0,0,0.3,0,0.3,0,4.3,2.5,5.4,337,324,326,189,5,3,27,34,1,1,16,361,324,299,307,376,375,98,286,312,23,293,266,384,4,26,17,190,13
414,Ty Lawson,IND,28,10,5,5,0.5,4.1,0.2,1,0.2,0,0.3,0,0.4,0.4,1,0.2,0.3,0.5,0.3,0.2,0.1,0,0.2,0.5,0.3,0.8,0.3,2,277,252,263,189,42,247,137,319,257,160,208,123,156,1,100,224,170,73,76,99,283,28,84,155,215,170,214,125,13
415,Tyler Ennis,MIL,21,7,5,2,0.714,3.4,0.1,0.7,0.2,0,0.1,0,0.4,0.6,0.75,0.1,0,0.1,0.1,0.1,0,0,0,0.4,0.3,0.7,0.1,1,299,252,326,55,131,284,189,319,241,220,208,111,115,171,140,366,356,184,140,288,283,293,131,162,234,192,328,190,13
416,Tyler Hansbrough,CHA,30,2,1,1,0.5,1.2,0,0,0,0,0,0,0,0,0,0.5,0,0.5,0,0,0,0,0,0.5,0,0,0.5,0.6,373,362,359,189,366,372,395,342,274,311,208,361,324,299,17,356,177,325,330,312,283,293,79,384,386,137,362,190,13
417,Tyler Johnson,MIA,24,11,7,4,0.636,3.1,0.5,1.1,0.417,0,0.4,0,0.1,0.2,0.5,0.3,0.4,0.6,0.2,0,0.1,0,0,0.2,0.2,1,1.3,2.3,268,214,283,90,161,125,105,176,213,137,208,275,265,261,68,169,127,147,304,109,247,253,325,226,167,80,163,190,13
418,Tyler Zeller,BOS,26,2,2,0,1,0.7,0.5,0.5,1,0,0,0,0,0,0,0.5,0,0.5,0,0,0,0,0,0.5,0,1,-2,1.6,373,324,405,1,399,108,253,1,274,311,208,361,324,299,17,403,161,295,348,312,224,293,94,384,180,384,250,190,13
419,Tyreke Evans,NOP,26,15,6,9,0.4,4.6,0.6,1.5,0.409,0.2,0.6,0.333,1.1,1.5,0.739,0.1,0.7,0.8,0.9,0.4,0.2,0.1,0.1,0.6,1,2.5,0,5.2,233,234,197,292,16,80,71,182,53,60,88,18,12,190,217,41,78,10,19,29,123,125,36,12,34,217,21,70,13
420,Tyson Chandler,PHX,33,22,8,14,0.364,2.3,0.3,0.5,0.545,0,0,0,0.1,0.2,0.75,0.5,0.4,1,0.2,0.2,0,0,0,0.5,0.1,0.7,-2,2.2,179,195,122,318,262,203,257,77,274,311,208,252,264,171,10,148,48,148,94,204,163,158,116,259,239,394,175,41,13
421,Tyus Jones,MIN,20,1,0,1,0,0,0,0,0,0,0,0,0,0,0,0,0,0,0,0,0,0,0,0,0,0,0,0,403,407,359,407,428,388,395,342,274,311,208,302,324,299,346,397,375,357,348,312,283,293,401,337,386,214,400,190,13
422,Udonis Haslem,MIA,36,2,1,1,0.5,1.8,0.5,1,0.5,0,0,0,0,0.5,0,0,0,0,0,0,0,0,0,0,0.5,1,0.5,1,373,362,359,189,314,105,123,99,274,311,208,335,133,299,319,401,375,357,348,312,283,206,403,73,168,141,319,190,13
423,Victor Oladipo,ORL,24,37,16,21,0.432,3.9,0.6,1.8,0.338,0.2,0.7,0.269,0.4,0.5,0.941,0.1,0.7,0.8,0.2,0.3,0.1,0.1,0.2,0.3,0.4,1.8,-0.6,3.3,49,99,25,269,53,83,48,254,60,47,135,110,139,69,230,42,86,106,48,140,148,20,207,108,81,283,89,93,6
424,Vince Carter,MEM,39,15,7,8,0.467,1.6,0.3,0.5,0.5,0.1,0.4,0.333,0.3,0.3,1,0.1,0.1,0.3,0.1,0,0,0.1,0,0.4,0.3,1,0.2,1.6,233,214,215,245,338,208,243,99,103,121,88,142,180,1,152,326,290,253,333,312,123,214,150,172,174,182,244,190,13
425,Wayne Ellington,BKN,28,25,10,15,0.4,2,0,0.3,0.143,0,0.1,0,0.2,0.2,0.667,0,0,0,0,0,0.1,0,0,0.2,0.1,0.2,-0.2,0.7,149,174,112,292,296,339,343,333,274,229,208,240,225,211,346,354,368,276,266,77,271,173,308,274,341,232,358,190,13
426,Wesley Johnson,LAC,28,25,15,10,0.6,2,0.1,0.5,0.25,0,0.4,0.111,0,0.2,0.25,0,0.3,0.3,0.1,0.1,0.1,0.2,0,0.3,0.1,0.3,1.8,1.6,149,109,185,105,291,302,278,297,180,138,202,292,278,297,254,231,267,201,208,142,37,261,243,276,324,49,239,190,13
427,Wesley Matthews,DAL,29,46,24,22,0.522,4.1,0.5,1.2,0.421,0.3,0.8,0.378,0.2,0.2,0.889,0,0.3,0.4,0.3,0.1,0.2,0,0.1,0.4,0.2,1.5,1.4,2.8,8,14,19,183,41,88,92,170,20,28,78,228,259,90,269,179,226,93,229,50,198,130,163,202,109,70,117,190,13
428,Will Barton,DEN,25,42,21,21,0.5,3.3,0.5,1.5,0.361,0.1,0.6,0.2,0.7,0.8,0.906,0,0.7,0.7,0.1,0.1,0,0,0,0.3,0.4,1.9,0.3,3.1,16,31,25,189,137,87,72,233,111,61,165,51,71,84,240,51,98,180,143,201,159,203,220,96,76,176,101,80,13
429,Willie Cauley-Stein,SAC,22,15,9,6,0.6,1.9,0.1,0.2,0.667,0,0,0,0.1,0.1,1,0.1,0.3,0.4,0.1,0.1,0,0.1,0,0.5,0.1,0.4,-0.7,1.3,233,183,250,105,299,296,358,46,274,311,208,254,287,1,150,238,211,252,227,292,68,249,107,264,307,288,286,125,13
430,Willie Reed,BKN,26,1,0,1,0,0,0,0,0,0,0,0,0,0,0,0,0,0,0,0,0,0,0,0,0,0,-1,0,403,407,359,407,430,388,395,342,274,311,208,361,324,299,346,378,375,357,348,312,283,293,405,384,386,322,400,190,13
431,Xavier Munford,MEM,24,4,1,3,0.25,1.6,0,0.5,0,0,0,0,0,0,0,0,0,0,0,0,0.3,0,0,0.3,0,0,-2.5,0.8,337,362,307,380,335,372,264,342,274,311,208,305,324,299,346,403,370,357,295,16,283,293,261,384,386,409,351,190,13
432,Zach LaVine,MIN,21,41,16,25,0.39,3.4,0.5,1.6,0.328,0.2,0.7,0.233,0.4,0.4,0.882,0,0.1,0.1,0.1,0.2,0,0,0.1,0.5,0.2,1.6,-0.8,2,21,99,7,304,124,93,58,276,73,38,158,131,153,96,237,344,352,198,103,198,192,57,109,187,105,308,211,190,13
433,Zach Randolph,MEM,34,33,20,13,0.606,3.6,0.8,1.5,0.49,0,0.1,0.5,0.5,0.8,0.68,0.6,0.7,1.3,0.2,0.2,0.1,0.1,0.2,0.3,0.5,2.1,1.6,4.2,79,44,137,103,97,50,59,126,198,259,30,86,74,209,8,48,21,177,95,75,137,36,251,83,58,59,46,49,13
434,Zaza Pachulia,DAL,32,36,21,15,0.583,4.2,0.2,0.4,0.438,0,0,0,0.3,0.5,0.667,0.3,0.6,0.9,0.1,0.2,0.1,0.1,0.1,0.4,0.5,0.7,1.3,2.1,58,31,112,120,27,253,285,154,264,273,208,140,130,211,79,64,56,185,86,187,146,75,169,69,230,79,183,20,13
